{"type":"Topology","arcs":[[[58690,38938],[-59,55],[-170,-13],[-222,106],[-83,-28]],[[58156,39058],[-71,74],[-20,147],[-275,137],[-105,293],[9,307],[-117,30],[-16,192],[-151,146],[-142,204],[-113,512],[-149,423],[10,70]],[[57016,41593],[168,-91],[130,13],[124,-65],[67,48],[253,612],[230,210],[43,313],[227,198],[185,1]],[[58443,42832],[11,-203],[222,-17],[126,-109],[70,-124],[84,-11],[196,-152],[12,-949],[-77,-370],[17,-223],[64,-279],[-93,-370],[-54,-114],[-30,-358],[-301,-615]],[[57016,41593],[-91,144],[-183,36],[-248,-92]],[[56494,41681],[-299,548],[-43,53],[-47,370],[0,688],[0,1014],[518,0],[41,333],[-6,453],[21,133],[-22,307]],[[56657,45580],[98,-115],[55,-211],[185,112],[46,-219],[188,-154],[158,-47],[98,42],[27,163],[105,-189],[31,-144],[229,-165],[182,-511],[150,69],[67,-83],[0,713],[-102,-159],[-101,47],[-162,309],[-35,190],[79,469],[-3,482],[-64,350],[144,302],[15,136],[494,156]],[[58541,47123],[91,-241],[76,3],[164,-258],[137,-59],[135,-144]],[[59144,46424],[120,-262],[85,-420],[-110,-174],[33,-153],[-43,-217],[7,-333],[41,-217],[-105,-81],[-15,-342],[-82,-222],[89,-238],[58,5]],[[59222,43770],[-409,-278],[-416,-284],[46,-376]],[[64745,61433],[-210,-205],[-43,-194],[12,-173],[-170,-184],[-299,-172],[-100,-108],[-227,-122],[-84,-105],[-106,-234],[-188,-1],[-162,-223],[-172,-113],[-314,-73],[-172,-301],[-117,1],[-72,-86],[-119,-30],[-126,128],[-68,247],[14,215],[-53,213],[-19,314],[-85,633],[34,218],[-11,195]],[[61888,61273],[102,183],[7,386],[63,91],[139,-111],[66,43],[275,16],[72,-62],[251,-51],[104,22],[81,-182],[130,92],[38,193],[165,409],[241,244],[365,113],[451,126]],[[64438,62785],[208,-977],[99,-375]],[[64934,59122],[117,16],[-16,-175],[-147,-11],[46,170]],[[79992,64232],[-157,-129],[-15,-132],[-189,-54],[22,-130],[-65,-257],[-149,-202],[-53,-371],[-47,-189],[74,-267],[169,-321],[-5,-130],[195,-474],[235,-326],[179,-488],[41,-61],[74,-381],[60,-496],[-9,-332],[43,-186],[-57,-179],[-6,-530],[-105,-236],[-152,-220],[-281,-309],[-125,21],[-7,-183],[-59,-274],[-298,-315],[-50,-169],[-119,-125],[-21,126],[8,463],[51,266],[-102,59],[-65,139]],[[79007,57840],[117,71],[149,234],[103,28],[95,-111],[19,124],[-86,163],[-2,196],[43,71],[93,-44],[21,153],[143,75],[64,115],[96,50],[-9,384],[37,234],[-77,397],[53,333]],[[79866,60313],[-11,159],[48,158],[-129,284],[58,170],[-195,240],[-54,285],[-225,451],[-65,240],[-103,171],[8,131],[-111,72],[-228,309],[38,193],[143,-37],[106,235],[-86,205],[-10,157],[-147,170],[-116,-141],[-148,112],[-70,216],[27,175],[-228,466]],[[78368,64734],[108,208],[136,-166],[97,174],[74,16],[81,-141],[39,124],[88,-28],[118,119],[19,130],[114,120],[158,-243],[85,27],[175,-110],[-67,-221],[53,-227],[173,-226],[125,21],[48,-79]],[[33328,56767],[52,-140],[-56,-145],[-134,-139],[-57,-181],[90,-319],[-89,-102],[-119,-42],[4,-277],[-68,-177],[176,-406]],[[33127,54839],[38,-119],[-111,-265],[-77,-10],[-76,-132],[-166,-110],[-72,34],[-83,-80],[-15,-199],[-57,-45],[-90,189],[-202,4],[-65,122],[-89,-1],[2,-138],[96,-180],[1,-220],[82,-434],[149,-23],[-2,-109],[-178,-183],[-22,-165],[-171,-210],[-104,-84],[-71,-138],[-89,66],[-105,-114],[-103,21],[-124,231]],[[31423,52547],[-93,672],[-173,290],[145,301],[-97,259],[-54,370],[8,440],[108,435],[-36,124],[-81,28],[-170,-77],[-269,-12],[-182,462],[-156,84],[-99,-51],[-298,59],[-34,157],[-65,49],[7,534],[-69,141],[-37,278],[-72,86],[-83,-18],[97,324],[38,404],[50,198],[123,208],[80,271],[178,113]],[[30189,58676],[-153,-136],[-22,-122],[98,-436],[-19,-123],[-125,-362],[98,-277],[21,-151],[108,30],[59,129],[9,206],[-93,321],[-44,297],[21,106],[344,236],[-15,295],[78,169],[48,-105],[56,-298],[110,23],[113,-50],[119,-156],[46,-341],[100,-56],[246,80],[206,12],[110,-216],[200,-108],[78,16],[271,326],[105,-11],[220,61],[-39,-191],[91,-140],[54,-226],[56,116],[98,-98],[71,19],[56,-123],[144,-157],[-73,-153],[-69,-395],[140,105],[127,21],[90,-46]],[[53455,75978],[-3,-1],[0,5],[3,0],[0,-4]],[[96317,43302],[18,-191],[89,13],[19,-202],[-103,-86],[-55,132],[-28,320],[60,14]],[[96503,42571],[117,-204],[-107,-61],[-10,265]],[[69707,76179],[-29,-132],[-184,-258],[167,-178],[174,-73],[107,160],[230,-305],[136,-56],[-209,-222],[-63,22],[-122,-165],[-108,77],[-96,-27]],[[69710,75022],[-85,-22],[-75,145],[102,165],[-86,164],[-202,-211],[-83,80],[-58,-133],[6,-218],[-160,-3],[-52,-372],[-207,49],[-102,-219],[90,-134],[119,-27],[-16,-168],[69,-367],[-133,-315],[-16,-181]],[[68821,73255],[-191,94],[-152,8]],[[68478,73357],[29,336],[-214,194],[-68,-18],[-403,412],[-420,522],[-154,475],[-39,200],[-127,141],[-47,-47],[-243,16],[-101,102],[5,293],[-69,223],[-113,3],[-240,276],[-91,-53],[-124,-287],[-120,-19],[-116,-173],[15,-341],[-289,34]],[[65549,75646],[-1,1322],[0,793],[717,323],[681,-669],[42,-130],[231,-389],[338,78],[343,-44],[129,94],[164,-233],[85,-250],[83,66],[-26,-568],[136,-6],[47,-417],[41,-74],[311,31],[31,-223],[68,-88],[193,316],[22,93],[286,262],[89,148],[148,98]],[[35174,32406],[-115,-368],[-106,-167],[-204,-151],[-214,91],[-124,-77],[-204,134],[-88,129],[-183,-15],[-159,326],[13,376],[76,211],[-33,243]],[[33833,33138],[3,315],[105,614],[-17,154],[73,232]],[[33997,34453],[110,-55],[106,102],[182,-300],[84,-255],[88,112],[84,-201],[185,-150],[102,-213],[128,-116],[44,-200],[133,-192],[-113,-250],[-2,-260],[46,-69]],[[93975,55768],[-36,-8],[-14,83],[45,4],[5,-79]],[[97527,55954],[35,-29],[-7,-8],[-29,21],[1,16]],[[90486,60560],[-19,-5],[8,52],[19,-23],[-8,-24]],[[32009,62093],[22,-51],[-56,-3],[1,41],[33,13]],[[90205,59480],[-26,98],[40,57],[-14,-155]],[[2576,43576],[-26,22],[36,32],[-10,-54]],[[31630,62468],[139,-37],[-95,-235],[-340,12],[11,291],[285,-31]],[[2371,88502],[287,33],[115,-119],[324,-184],[-258,-45],[-468,315]],[[3851,86626],[113,-40],[38,-231],[-165,-81],[-264,136],[184,215],[94,1]],[[7528,85151],[108,16],[82,-158],[-129,-134],[-309,-204],[-152,-40],[-102,239],[118,174],[129,-24],[255,131]],[[13882,84036],[-34,-134],[31,-206],[-50,-156]],[[13829,83540],[-100,-148]],[[13729,83392],[-131,223],[53,114],[-17,220],[-103,159],[-154,85],[-270,507],[-181,76],[-25,301],[-141,297],[-198,140],[-146,-114],[-155,185],[-201,-191],[-267,193],[-224,292],[-518,368],[-174,13],[-230,127],[-354,74],[-239,-49],[-304,186],[-278,82],[-270,304],[-409,-88],[41,-395],[-65,-102],[-278,6],[-213,-250],[-106,-1],[-106,-185],[-216,-32],[-31,126],[32,335],[79,124],[36,311],[245,161],[-48,160],[-311,-225],[-5,-89],[-377,-507],[-272,-295],[-12,-140],[221,-151],[-190,-210],[-63,-192],[-212,-83],[-408,-396],[1,-129],[-307,-271],[-232,-114],[38,-138],[-346,-223],[-122,-9],[-139,-136],[-177,-88],[-178,-8],[-93,-145],[-219,-107],[-27,132],[223,309],[262,174],[101,-144],[153,313],[283,215],[267,351],[198,175],[23,472],[153,182],[-47,81],[-244,-137],[-134,122],[-161,-220],[-163,255],[-192,80],[-278,-220],[-109,-33],[-11,287],[-64,100],[55,176],[-115,339],[-272,-191],[-191,-23],[-210,287],[-192,137],[153,202],[-212,121],[-142,403],[246,387],[218,427],[291,-98],[385,235],[243,60],[89,151],[-42,438],[-71,198],[-159,-62],[-291,-255],[-252,124],[-329,-74],[-346,71],[-190,295],[45,140],[-205,48],[-190,136],[281,126],[91,101],[576,290],[250,-14],[-72,-182],[94,-76],[522,-17],[72,113],[368,98],[-176,144],[-275,17],[-30,202],[-288,-13],[-200,97],[-112,237],[-627,471],[48,265],[529,30],[317,260],[58,213],[298,330],[246,-15],[467,330],[365,-19],[338,273],[449,-127],[270,-171],[267,75],[278,-70],[80,-206],[200,-20],[543,48],[435,-164],[522,-33],[174,-87],[550,62],[503,-267],[113,-1]],[[10833,91964],[0,-842],[0,-841],[0,-1010],[0,-1515],[0,-1178],[504,-125],[443,-494],[43,-186],[238,143],[72,261],[235,109],[118,-124],[29,-167],[312,-336],[543,-1102],[81,-111],[232,-149],[199,-261]],[[4590,83513],[33,-141],[-199,-66],[-108,-111],[-118,104],[99,157],[184,91],[109,-34]],[[13617,83806],[-29,-128],[-202,-25],[51,351],[99,71],[81,-269]],[[12954,84679],[114,-71],[-72,-240],[-108,0],[-73,348],[139,-37]],[[12508,84879],[97,-365],[-197,60],[36,118],[-163,167],[123,125],[104,-105]],[[12589,85346],[206,-334],[3,-141],[-141,-162],[-63,335],[-5,302]],[[12297,85393],[202,-111],[-23,-311],[-275,94],[-121,243],[217,85]],[[12898,84296],[101,-11],[215,-365],[3,-117],[123,-158],[-1,-233],[-223,141],[-185,431],[57,71],[-90,241]],[[7662,85460],[85,-114],[-242,-95],[-111,52],[196,209],[72,-52]],[[3718,82891],[47,-143],[-192,-72],[44,251],[101,-36]],[[6783,62794],[-83,34],[-47,391],[64,152],[-4,151],[176,-162],[110,-271],[-141,-152],[-75,-143]],[[6531,63901],[59,10],[47,-176],[-92,-16],[-14,182]],[[6167,64202],[-87,-79],[-45,154],[86,66],[46,-141]],[[29247,77766],[887,3],[53,162],[119,-16],[167,371],[80,463],[213,434],[115,-150],[143,88],[140,-157],[7,-796],[97,-56],[-11,-189],[97,-61]],[[31354,77862],[5,-164],[-222,-249],[-103,31],[-93,-113],[-97,71],[-30,-194],[-201,-168],[-107,-22],[-181,-542],[26,-90],[-86,-195],[85,-59],[93,-347],[-70,-53],[-214,57],[-27,-147],[-368,-65],[-204,-140],[-179,-239],[75,-161],[-61,-346],[-70,-196],[-130,-139],[-138,-31],[99,-339],[-155,-502],[-18,185],[-153,235],[12,283],[-98,26],[5,-210],[66,-368],[0,-309],[-38,-84],[112,-172],[30,-148],[-71,-217],[-92,-145],[196,-74],[-1,-145],[-111,-169],[-94,-48],[-64,-190],[3,-135],[-111,1],[-172,-244],[-73,-215],[-156,-22],[-96,-124],[-98,-301],[-208,-297],[-57,-25],[-172,-267],[-97,-236],[6,-99],[-96,-378],[75,-623],[98,-429],[104,-324],[-35,-176],[118,-561],[51,-368],[-24,-423],[-66,-290],[-103,-100],[-100,93],[-75,295],[-97,88],[-42,260],[-160,360],[-61,379],[-50,74],[50,368],[3,232],[-178,325],[-112,273],[-97,102],[-94,-113],[-260,-131],[-10,113],[-251,356],[-425,-116],[-310,71],[-116,-40],[-74,-104],[-177,123],[-52,-137],[229,-130],[-37,-171],[-105,-252],[-78,66],[-103,-95],[-150,91],[-11,129],[-156,186],[-102,-161],[-114,24],[-140,104],[-145,-5],[-331,-230],[-107,-234],[-161,-187],[-166,-26],[-31,-131],[-165,-128],[-4,-153],[-107,-525],[43,-329],[71,-251]],[[23015,66797],[-59,-52],[-201,112],[-285,220],[-93,340],[-18,294],[-69,105],[-150,344],[-101,427],[-217,408],[-230,54],[-129,-130],[-44,-247],[-102,-124],[-203,186],[-114,144],[-161,618],[-82,93],[-273,424],[-55,130],[-488,6],[-1,-259],[-785,-4],[-527,342],[-527,341],[31,119],[-668,-105]],[[17464,70583],[-94,439],[-170,246],[-92,12],[-27,158],[-177,54],[-128,177],[-243,31],[-46,62],[4,286],[-63,166],[-283,557],[24,231],[-168,273],[-20,364],[-139,149],[-5,104],[-199,363],[-51,549],[-122,225],[-13,138],[66,276],[18,238],[-79,426],[-52,397],[109,507],[25,625],[36,461],[-40,672],[-84,527],[-68,141],[-3,271],[182,-119],[310,-45],[57,-120],[115,75],[-152,565]],[[15892,80064],[502,0],[829,0],[711,0],[947,0],[711,0],[474,0],[592,0],[592,0],[592,0],[592,0],[711,0],[421,0],[85,180],[65,-324],[254,-125],[197,50],[411,-319],[188,82],[385,-118],[299,177],[542,-440],[431,-368],[87,-255],[103,53],[60,-268],[107,-154],[289,-271],[115,-1023],[-114,-545],[-146,-187],[-19,-187],[125,-173],[70,0],[323,308],[286,90],[336,251],[-37,383],[125,91],[528,2],[99,247],[357,485],[130,60]],[[29858,75452],[-190,-191],[-159,-36],[54,189],[295,38]],[[39693,20699],[216,-107],[147,-295],[-80,-60],[-283,462]],[[70136,47593],[-7,6],[2,33],[-8,51],[13,-23],[0,-67]],[[48418,42627],[-23,24],[19,29],[4,-53]],[[14364,37789],[-9,-1],[-8,34],[13,4],[4,-37]],[[32499,62339],[-42,-12],[35,40],[7,-28]],[[33652,22309],[105,-137],[138,71],[38,-187],[-234,-131],[-107,-136],[-140,143],[142,138],[58,239]],[[33253,22199],[283,20],[-181,-313],[-213,-126],[-76,76],[201,164],[-14,179]],[[27397,62988],[24,8],[42,-9],[-48,-43],[-18,44]],[[32019,70445],[-25,-20],[35,74],[-10,-54]],[[32112,62479],[-8,28],[28,2],[-20,-30]],[[30094,64380],[-47,15],[7,35],[38,-11],[2,-39]],[[32736,61486],[-1,-34],[-19,10],[-1,30],[21,-6]],[[49439,80202],[-61,-32],[5,52],[56,-20]],[[49302,80353],[-10,-38],[-28,23],[38,15]],[[48774,83055],[-93,-38],[66,149],[27,-111]],[[49139,82522],[31,-297],[-60,-185],[27,-206],[114,-135],[7,-120]],[[49258,81579],[-173,-134],[-304,202],[-143,-66],[-52,213],[196,116],[112,199],[-36,390],[218,74],[63,-51]],[[49439,83990],[-49,-198],[-246,-289]],[[49144,83503],[-244,-105],[-327,45],[115,324],[-146,293],[-101,72],[61,265],[-152,53],[105,361],[-72,117],[134,462],[173,156],[461,72],[-44,-180],[-216,-209],[34,-207],[129,63],[369,-4],[83,-120],[-227,-537],[-2,-308],[162,-126]],[[48272,83000],[-120,-18],[-79,182],[-117,-146],[-212,169],[250,391]],[[47994,83578],[303,72],[183,-413],[-38,-131],[-170,-106]],[[49139,82522],[48,273],[-67,227],[-112,196],[29,176],[107,109]],[[49439,83990],[101,-137],[101,-459],[172,-155],[129,-278],[213,-608],[138,-4],[167,-118],[25,-164],[-52,-220],[-168,-161],[-75,-243],[203,-13],[-127,-252],[-210,-94],[-478,-9],[-286,-76],[-126,58],[-112,-48],[-108,-233],[-106,94],[-324,-84],[210,306],[110,237],[292,10],[130,240]],[[65638,66618],[25,-386]],[[65663,66232],[-90,-139],[-75,75],[-10,-361],[-155,-696],[-4,-190]],[[65329,64921],[-23,-48],[-708,180],[-267,660],[-7,119]],[[64324,65832],[94,-173],[95,6],[111,92],[346,-45],[140,116],[97,306],[97,133],[118,263],[117,171],[38,155]],[[65577,66856],[61,-238]],[[60614,78969],[-186,-10],[-56,-91],[-295,-148],[-126,-20],[-271,-250],[42,-263]],[[59722,78187],[-87,140],[-286,140],[-18,-71]],[[59331,78396],[-109,46],[-201,-54],[-123,103],[-17,258],[-327,-91],[-79,-257],[-81,-137],[-172,-107],[29,-243]],[[58251,77914],[-134,82],[-128,-97],[-153,125]],[[57836,78024],[204,345],[-5,216],[61,59],[192,-102],[11,276],[-85,78],[-6,162],[-109,121],[10,246],[-117,136],[-124,24],[-216,183],[-195,-53],[-63,-73]],[[57394,79642],[-127,-154],[-194,-47],[-159,-111],[-87,123],[-112,-15],[-270,103],[-91,-79]],[[56354,79462],[-207,264]],[[56147,79726],[113,384]],[[56260,80110],[31,269],[295,483],[73,19],[36,250],[-139,388]],[[56556,81519],[211,201],[434,27],[338,-93],[35,-80],[370,-41],[149,43],[58,-135],[330,123],[124,259],[218,32]],[[58823,81855],[144,7],[62,112],[341,21],[184,-325],[-77,-58],[45,-212],[286,-154],[28,-291],[335,-190],[224,116],[173,-283],[59,77],[183,-132],[71,18],[169,-163],[80,-214],[-107,-111],[77,-444],[-63,-226],[-232,6],[-170,-171],[-21,-269]],[[59417,51265],[-524,0],[-326,0],[-93,-37]],[[58474,51228],[-113,-174],[-146,-11]],[[58215,51043],[-4,237],[43,619],[61,231],[2,185],[67,88],[211,409],[86,208],[-21,130],[-125,107],[33,226],[-26,112],[24,258]],[[58566,53853],[87,170],[91,-60],[88,70],[84,-157],[66,102],[139,53],[181,-25],[135,268]],[[59437,54274],[53,-235],[63,-70],[15,-304],[82,-199],[62,-435],[0,-242],[-49,-237],[-85,-109],[-89,-252],[-61,-248],[-11,-678]],[[68478,73357],[-211,127],[-58,-183],[-205,-69],[-85,-456],[-180,-189],[-210,-112],[-14,-214],[-124,-123],[-99,10],[-75,111],[-122,9],[-78,93]],[[67017,72361],[-40,589],[-216,-3],[-78,188],[-139,124],[-89,197],[-118,94],[-106,-26],[-281,178],[-64,155],[-209,19],[-59,-102],[-180,15],[-140,-113],[-92,-231],[-230,-91]],[[64976,73354],[-26,336],[13,589],[-70,153],[-137,125],[97,136],[-19,168],[-116,16],[-70,237],[114,245],[130,-3],[71,-98],[234,139],[-33,175],[-138,187],[-69,330],[-190,1],[-54,-68],[-39,-365],[-93,253]],[[64581,75910],[210,245],[242,74],[217,-239],[96,-266],[83,-113],[120,35]],[[61530,75758],[266,-45],[89,72],[181,-263]],[[62066,75522],[79,-223],[-43,-137],[62,-237],[138,-18],[133,-194]],[[62435,74713],[14,-30]],[[62449,74683],[-119,-132],[-102,-26],[113,-587],[-61,-259],[97,-94],[57,-347]],[[62434,73238],[-134,-95],[-21,130],[-192,24],[-206,73],[-115,-151]],[[61766,73219],[-25,96],[-210,-108],[-224,5],[-192,-156],[-183,-83],[-164,6],[-160,120],[-210,-149],[-216,92],[-33,-199],[-114,-360],[-65,49]],[[59970,72532],[-23,226],[105,202],[-39,144],[-142,-180],[-260,108],[-161,-256],[-91,-91],[-250,-84],[-116,85],[-99,202],[-186,153],[-196,38],[-45,-320],[-221,-89],[-151,139],[-29,170],[-154,64],[-98,130],[-218,-6],[48,132],[-84,81],[-39,172],[43,168],[-153,126],[50,101],[-27,194],[69,102],[-92,233],[40,156],[-198,-55],[19,301],[155,237],[151,32],[54,-79],[225,48],[139,76],[160,158],[-88,114],[76,127],[166,-44],[119,27],[129,-65],[123,13],[57,122],[235,236],[299,166],[380,-35],[71,62],[81,-193],[210,-27],[35,-147],[92,-95],[74,58],[81,-103],[365,-149],[290,104],[233,-83],[193,144],[153,176]],[[57781,76018],[92,-289],[198,-137],[-77,-147],[-169,62],[-187,-62],[-67,-165],[-320,-44],[-19,67]],[[57232,75303],[82,131],[0,164],[81,94],[-84,181]],[[57311,75873],[82,143],[188,66],[67,-91],[133,27]],[[53195,70957],[0,-443],[-188,-192],[-198,-355],[28,-392],[-89,-228],[-104,-91]],[[52644,69256],[-132,1061],[-198,272],[-34,221],[-124,176],[-73,345],[4,143],[203,377],[41,270],[-41,384],[29,287],[-33,102],[96,226]],[[52382,73120],[157,148],[152,84],[141,-77],[104,-188],[134,111],[20,-115],[-167,-317],[18,-251],[115,-146],[32,-227],[-162,-400],[-93,-115],[-42,-167],[30,-119],[157,-193],[101,28],[32,-181],[84,-38]],[[33052,57680],[-163,-40],[37,273],[120,76],[6,-309]],[[1344,39648],[1,-54],[-49,61],[30,22],[18,-29]],[[50250,58175],[-34,-365],[153,-209],[26,-410],[49,-135],[7,-1183],[-13,-178],[55,-226],[-43,-45]],[[50450,55424],[-121,-74]],[[50329,55350],[-125,210],[-59,229],[31,290],[-14,456],[29,91],[-76,201],[31,406],[-74,79],[28,427],[-117,227],[-3,280]],[[49980,58246],[154,-72],[116,1]],[[84740,46363],[-40,328]],[[84700,46691],[71,170],[174,90],[226,19],[97,82],[91,-62],[-106,-168],[-148,-139],[-270,-184],[-95,-136]],[[84454,46462],[113,87]],[[84567,46549],[-45,-137],[-68,50]],[[77811,63546],[54,40],[63,-172],[-41,-191],[64,-148],[147,46],[36,-347],[-65,-328],[17,-215],[-57,-259],[55,-61],[277,422],[171,-184],[93,79],[87,227],[162,-60],[133,-357],[108,-230],[-18,-376],[82,-280],[100,-100],[60,-166],[-31,-195],[-10,-479],[-81,-105]],[[79217,60107],[-113,47],[-438,-55],[-81,-113],[-50,-170],[-114,-174],[50,-501],[71,-140],[-5,-194],[55,-221]],[[78592,58586],[-48,176],[-61,56],[-141,243],[-86,91],[-78,-40],[-161,55],[27,413],[-85,51],[-117,-21],[-60,-75],[20,-178],[-35,-204],[7,-300],[-101,-407],[-39,-331],[-89,-328],[-1,-337],[65,-300],[91,58],[51,-116],[15,-254],[89,-232],[48,-476],[37,-154],[120,-181],[133,2],[84,-225],[84,-134]],[[78361,55438],[-64,-240],[-88,48],[-83,-69],[-50,97],[-6,165],[-73,105],[-124,72],[-63,-63]],[[77810,55553],[-117,251],[6,132],[-186,450],[-131,263],[-94,46],[37,499],[92,519]],[[77417,57713],[15,271],[120,256],[118,389],[-58,442],[-52,110],[-23,563],[-56,192],[-101,178],[-90,262],[-15,225],[103,115],[8,372],[27,147],[-70,386],[-179,407],[-20,205],[-66,263],[75,73],[-13,179],[31,304],[117,133],[188,48],[29,154],[88,22],[154,199],[64,-62]],[[60971,48286],[-71,-58],[-14,198],[49,-11],[36,-129]],[[58541,47123],[-121,570],[-58,166],[-110,172],[-64,341],[32,216],[-70,384],[17,308]],[[58167,49280],[87,-4],[120,213],[77,286],[101,181],[-3,167],[-73,39],[-25,159],[36,139]],[[58487,50460],[76,36],[-5,446],[-84,286]],[[59417,51265],[21,0],[516,-596],[502,-581],[-10,-239],[53,-123],[395,-586]],[[60894,49140],[-67,-476],[-44,-207],[15,-261],[166,-316],[13,-141],[-64,-227],[42,-284],[-38,-249],[133,-848],[189,-316]],[[61239,45815],[-132,-206],[-185,-173],[-146,-62],[-84,-106],[-159,68],[-105,-219],[-157,63],[-128,-86],[-90,26],[-113,125],[-43,-74],[-187,2]],[[59710,45173],[-100,312],[18,188],[-39,392],[-56,172],[-389,187]],[[69710,75022],[-141,-110],[-134,89],[-122,-61],[-83,-194],[102,-107],[281,-6],[34,-87],[187,106],[177,-141],[331,13],[111,43]],[[70453,74567],[45,-258],[2,-227],[132,30],[130,-86],[41,-524],[-1,-213]],[[70802,73289],[-64,94],[-111,12],[-142,-106],[-74,139],[-163,-118],[-66,-137],[-83,-27],[-155,-166],[-57,22],[-45,227],[33,464],[-76,-8],[-6,224],[-105,86],[-73,-70],[-112,-237],[11,-149],[-211,-64],[-63,-257],[-85,125],[-248,-216],[-86,128]],[[83613,64873],[-89,-339],[-30,187],[-71,107],[-70,350],[24,322],[130,443],[115,319],[153,140],[93,-174],[-80,-486],[-45,-406],[-51,-264],[-79,-199]],[[61766,73219],[-159,-295],[-103,-48],[-48,-254],[31,-249],[-39,-203],[-6,-299],[-57,-196],[-83,-56],[-532,-553]],[[60770,71066],[-543,-607],[-124,40],[-163,200]],[[59940,70699],[28,121],[-20,240]],[[59948,71060],[15,41]],[[59963,71101],[20,135],[179,319],[-42,226],[-127,9]],[[59993,71790],[-9,343],[-50,200],[36,199]],[[52645,79218],[1,-146]],[[52646,79072],[-11,-120],[26,-3]],[[52661,78949],[115,-99],[127,-11]],[[52903,78839],[-143,-290],[-191,-44],[-82,-263],[-138,240],[-105,6],[-24,-139],[-270,-51]],[[51950,78298],[-73,282],[-194,7],[261,515],[171,156]],[[52115,79258],[162,8],[116,92],[252,-140]],[[55298,85158],[-72,-75],[-32,-267],[-115,-91],[-42,272],[112,158],[149,3]],[[53163,85850],[114,146],[-33,174],[224,296],[28,198],[-81,318],[108,26],[54,176],[-201,212],[41,325],[-52,177],[28,235],[-60,168],[184,374],[177,77],[183,-35],[33,259],[-119,68],[231,415],[17,477],[262,101],[-17,106],[272,326],[-77,213],[333,391],[164,-80],[129,344],[442,-119],[181,392]],[[55728,91610],[382,-297],[218,-75],[238,-251],[-48,-291],[145,-368],[-80,-190],[126,-389]],[[56709,89749],[-292,-40],[-427,-189],[2,-163],[-121,-182],[91,-247],[-195,-295],[-480,-363],[-159,-197],[-158,-38],[-132,-628],[-80,-95],[33,-504],[196,-63],[167,-194],[115,-286],[-190,-373],[-230,-145],[-224,-244],[33,-127],[-60,-231],[27,-180],[-34,-249],[-148,-487],[-337,-35],[-158,-190],[35,-175],[-283,-105],[-121,38],[25,162],[-107,256],[81,276],[-128,167],[-270,698],[-84,501],[67,28]],[[58874,36890],[46,-508]],[[58920,36382],[-43,-269],[-136,6],[-113,106],[-75,200],[3,203],[112,328],[58,56],[148,-122]],[[34956,54930],[-82,-199],[1,-305],[27,-248],[100,-268],[-59,-260],[2,-184],[-57,-205],[-60,-78]],[[34828,53183],[-108,153],[-201,-107],[-57,63],[-54,-125],[60,-150],[-29,-113],[-129,57]],[[34310,52961],[-62,55],[-140,487],[-26,285],[-68,-14],[-79,186],[-62,286],[96,472],[105,16],[38,305]],[[34112,55039],[63,256],[286,-114],[31,96],[276,15],[217,-104],[-29,-258]],[[58566,53853],[-92,199],[-87,84],[-144,349],[-58,14],[-88,-129],[-118,68],[-83,-105],[-65,16],[-113,169],[-107,268]],[[57611,54786],[-88,384],[-159,169],[-57,222],[15,104],[-131,247],[-141,155],[-37,225],[-110,238],[-156,89],[-40,215]],[[56707,56834],[107,128],[70,511],[78,299],[204,73],[26,-125],[183,-390],[145,51],[225,-9],[46,-156],[221,-1],[43,163],[131,92],[37,170],[111,123],[204,-308],[135,32],[119,243],[78,255],[131,227],[-20,379],[-73,168],[185,2],[-4,123],[132,-4],[-35,-360],[28,-427],[200,-375],[52,-425]],[[59466,57293],[4,-507],[-39,-80],[-200,-27],[-61,-256],[59,-110],[122,-52],[111,-256],[179,-326],[103,-568],[52,-105]],[[59796,55006],[-359,-732]],[[56707,56834],[-169,87],[-20,172],[43,130],[7,278],[-93,325],[-126,307]],[[56349,58133],[18,245],[-102,187],[-57,570],[-146,75],[112,311],[-34,231],[112,229],[-35,243],[80,99],[73,254],[0,213],[48,98],[243,45],[0,856],[0,1284]],[[56661,63073],[0,288],[277,4],[0,1148]],[[56938,64513],[319,0],[530,0],[425,0],[519,0],[326,0],[546,0],[638,1]],[[60241,64514],[16,-237],[62,-278],[21,-315],[6,-562],[62,-438],[125,-153],[78,-176],[113,-141]],[[60724,62214],[-99,-242],[-130,-73],[-104,-228],[-111,-2],[-34,-250],[7,-189],[-109,-603],[-26,-68],[27,-504]],[[60145,60055],[-37,-363],[-50,-205],[-29,-313],[-142,-109],[-134,-416],[-42,-311],[-8,-237],[-100,9],[-83,-203],[5,-232],[-59,-382]],[[72217,57495],[75,-9],[127,-248],[184,-539],[17,-180],[122,-478],[-3,-223],[-63,-274],[-71,-106],[-182,-151],[-127,17],[-48,83],[-66,390],[-18,435],[38,757],[52,246],[-37,280]],[[50873,74763],[88,-53],[-108,-228],[-195,179],[115,139],[100,-37]],[[49501,76847],[141,-200],[274,-135],[72,-79],[187,0],[18,90],[203,-144]],[[50396,76379],[16,-93],[61,40]],[[50473,76326],[91,-86],[328,44]],[[50892,76284],[10,-280],[-324,-378],[-292,-130],[-88,-138],[-97,-290],[-192,-461],[34,-263],[112,-175],[-161,-186],[-74,-164],[-49,-329],[-140,-11],[-131,-189],[-87,-263],[-188,-35],[-131,23],[-308,-21],[-85,-122],[-138,-48],[-126,-229],[-115,93],[-126,442],[-109,138],[-145,-9]],[[47942,73259],[-27,234],[89,243],[-44,259],[82,259],[-111,363],[114,102],[63,363],[-33,383],[199,302],[-92,80],[-21,156],[-218,-63],[-144,29],[-81,144],[-157,-111]],[[47561,76002],[24,192],[-151,405],[101,206],[93,1],[78,140],[155,107],[121,-98],[444,-7],[317,-96],[255,59],[156,-85],[196,-25],[151,46]],[[45462,68190],[-90,-214],[-68,191],[158,23]],[[46056,68069],[54,310],[49,-70],[-28,-191],[-75,-49]],[[45722,68057],[3,-158],[-89,-52],[7,213],[79,-3]],[[85175,73606],[149,301],[242,3],[93,181]],[[85659,74091],[68,-258],[199,-519],[38,-307],[-19,-397],[44,-60],[-97,-441],[-195,-47],[-19,-133],[-203,49],[-90,-122],[-245,-226],[-60,463],[118,354],[-49,229],[2,179],[-92,227],[147,185],[-31,339]],[[85090,70981],[3,136],[99,51],[50,-120],[-152,-67]],[[58690,38938],[72,-622],[71,-236],[51,-328],[-10,-862]],[[58920,36382],[214,-6]],[[59134,36376],[-97,-777],[-69,-243],[-141,-182],[-123,-254],[-291,-917],[-398,-763],[-277,-438],[-217,-269],[-180,-137],[-122,28],[-98,-173],[-176,22],[-49,-113],[-345,106],[-88,-55],[-199,41],[-85,-34],[-127,-175],[-203,4],[-147,-56],[-141,-186],[-107,18],[-230,372],[-126,97],[22,128],[-154,436],[103,178],[17,305],[-28,219],[-148,417],[-136,529],[-66,401],[-140,453]],[[54568,35358],[86,95],[83,243],[92,-186],[17,-199],[240,-108],[198,-24],[180,244],[86,31],[0,1106],[0,1010]],[[55550,37570],[101,-145],[124,-511],[6,-143],[-52,-161],[32,-233],[251,-3],[124,157],[152,294],[67,353],[107,110],[175,-192],[237,-125],[193,59],[39,62],[91,495],[135,77],[122,215],[42,309],[44,104],[207,259],[89,219],[174,123],[81,154],[65,11]],[[57982,34503],[100,105],[82,374],[-25,104],[-188,293],[-247,-207],[-123,-334],[-67,-83],[93,-375],[102,-164],[73,-24],[104,285],[96,26]],[[61536,50866],[-3,71],[-151,404],[-2,1295],[-2,828],[105,223],[151,447]],[[61634,54134],[39,92],[213,89],[62,156],[145,160],[136,64],[254,-23],[276,625],[288,593],[280,559]],[[63327,56449],[266,838],[0,1041]],[[63593,58328],[326,156],[189,262],[129,-88],[-48,-286],[16,-391],[-67,-232],[-21,-475],[-109,-336],[-91,-372],[-70,-137],[-25,-174],[-115,-386],[-83,-470],[-111,-391],[-115,-312],[-72,-263],[-305,-698],[-230,-467],[-314,-383],[-163,-241],[-240,-443],[-252,-544],[-162,-375],[-124,-416]],[[63327,56449],[-278,0],[-579,405],[-242,165],[-150,227],[-84,288],[-94,186],[-51,241],[73,218]],[[61922,58179],[90,288]],[[62012,58467],[54,-88],[115,-324],[148,-204],[155,4],[242,229],[208,-51],[233,246],[171,-20],[182,106],[73,-37]],[[93822,47095],[-49,-117],[-65,98],[23,167],[91,-148]],[[94374,46501],[61,-92],[107,6],[75,-96],[7,-196],[-221,79],[-65,150],[36,149]],[[94410,46927],[-260,284],[-96,162],[38,89],[104,-172],[90,-72],[114,-172],[10,-119]],[[93745,47620],[-107,4],[-112,238],[93,11],[32,-128],[94,-125]],[[94652,47053],[69,-171],[72,-406],[-107,92],[-78,452],[44,33]],[[94920,45859],[108,-38],[5,-214],[-162,149],[49,103]],[[56147,79726],[-101,-39],[-88,123],[-267,-14],[-43,-133],[-121,-95],[-274,-46],[-52,-152],[-268,-10],[-170,136]],[[54763,79496],[-79,219],[25,122]],[[54709,79837],[65,151],[158,16],[112,213],[187,146]],[[55231,80363],[88,-64],[81,114],[100,-234],[226,115],[284,12],[250,-196]],[[54587,78628],[-244,-172],[-3,-211],[-97,-59],[17,-153],[-168,24],[-237,-46],[-84,51]],[[53771,78062],[40,41]],[[53811,78103],[-89,420],[83,117]],[[53805,78640],[223,-59],[138,120],[266,30],[38,107]],[[54470,78838],[117,-210]],[[78880,52610],[-42,-38],[-47,34],[47,70],[42,-66]],[[47143,56730],[-101,-418],[-172,-303],[-67,-188]],[[46803,55821],[-63,105],[-209,171],[-7,161],[-103,110],[-96,484],[-18,203]],[[46307,57055],[74,32],[75,155],[71,282],[164,75],[196,-9],[143,-382],[53,-361],[60,-117]],[[65427,49139],[-43,49],[20,29],[23,-78]],[[55933,77664],[315,-225],[58,-114]],[[56306,77325],[-79,-133],[38,-318],[117,-154],[-142,-199],[16,-231],[-50,-73]],[[56206,76217],[-217,-38]],[[55989,76179],[53,243],[-101,47],[-92,196],[-121,-33],[-77,-119]],[[55651,76513],[-221,221],[-99,185]],[[55331,76919],[82,98],[26,196],[-120,149],[55,334]],[[55374,77696],[213,-94],[81,216],[90,-231],[175,77]],[[55374,77696],[-95,-7]],[[55279,77689],[14,379],[-42,233]],[[55251,78301],[174,129],[197,-27]],[[55622,78403],[148,-207],[0,-153],[199,-208],[-36,-171]],[[46588,60373],[15,-202],[58,-145],[-10,-330],[117,-152],[68,-246],[0,-310]],[[46836,58988],[-251,-44],[-140,71],[-80,105],[-179,23]],[[46186,59143],[-408,4],[-105,-109],[-316,-79]],[[45357,58959],[-14,409]],[[45343,59368],[32,52],[226,1],[6,97],[146,41],[38,93],[251,-185],[111,57],[-36,120],[-119,-23],[-147,162],[-137,-33],[-23,-81],[-292,0]],[[45399,59669],[-65,292],[-103,315],[5,162],[85,215],[85,313]],[[45406,60966],[27,211],[75,197],[152,-23],[142,80],[160,6],[65,-44],[120,-248],[128,-52],[42,-206],[111,-264],[160,-250]],[[61888,61273],[-28,211],[-87,222],[-25,180],[-151,259],[-145,457],[-31,233],[-100,387],[-188,295],[-130,145],[-144,456],[15,120],[-45,209],[30,295],[-43,281],[-132,479],[-151,272],[-105,61],[-101,305],[-8,271],[-108,265],[-142,486],[-186,483],[-111,347],[-157,65],[45,207],[48,487]],[[59708,68751],[296,-94],[128,176],[77,214],[199,74],[45,183],[96,108],[-283,571],[556,290],[51,74]],[[60873,70347],[340,-106],[474,-495],[217,-337],[509,-745],[463,-80],[49,19]],[[62925,68603],[250,-61],[66,-263],[215,5]],[[63456,68284],[128,-526],[139,-258],[161,-203],[64,-300],[-51,-114],[146,-590],[69,-171]],[[64112,66122],[45,-124],[83,19]],[[64240,66017],[12,-153],[72,-32]],[[65329,64921],[126,-405],[-184,-1155],[-364,-252],[-469,-324]],[[51849,51912],[-37,127],[45,37],[17,-93],[-25,-71]],[[53468,77131],[-25,20],[12,27],[21,-17],[-8,-30]],[[2130,44086],[30,-195],[-87,7],[-57,123],[114,65]],[[33007,59422],[-29,30],[27,84],[16,-36],[-14,-78]],[[33084,59805],[-46,53],[49,56],[-3,-109]],[[32602,61773],[-58,58],[13,36],[22,-28],[23,-66]],[[58487,50460],[-174,35],[-17,-217],[-133,-53],[-104,51]],[[58059,50276],[-38,184],[64,96],[6,215],[62,197],[62,75]],[[59722,78187],[103,-219],[222,57],[112,-34],[-50,-189],[-146,-35],[-110,54],[-107,-170],[-103,2],[-224,-242],[-128,96],[29,313],[-177,145],[-114,32],[322,313],[-20,86]],[[86301,76210],[-44,135]],[[86257,76345],[14,159],[136,52],[54,306],[-2,367],[-54,339],[6,144],[249,193],[266,-124],[69,268],[188,434],[1,145],[94,362],[-10,100],[162,238],[-52,350],[-75,29],[-229,-159],[-90,5],[-162,-194],[-216,-51],[-217,7],[-81,251],[26,123],[-169,317],[-194,286],[-105,-15],[-116,137],[-195,-18],[-139,176],[25,193],[-79,141],[0,146],[-106,226],[-33,234],[-137,515],[-184,370],[-233,53],[-334,237],[-353,-35],[-454,-180],[-169,-222],[156,-127],[26,-271],[-190,-286],[-243,-703],[19,-180],[-225,-128],[-160,-191],[-331,179]],[[82411,80543],[-152,108],[-116,-75],[-123,39],[-148,164],[-124,23],[-314,-274],[-30,-105],[-272,-110],[-206,-40],[-141,-109],[-175,3],[-267,94],[-173,-7],[-161,157],[-24,190],[-199,37],[-145,186],[-137,-4],[-232,97],[-486,-193],[-264,143],[-109,114],[-49,443],[-203,57],[-235,150],[-171,25],[-298,181],[-250,-416],[-34,-209],[126,-260],[-49,-263],[-248,-200],[-62,88],[-187,10],[-128,65],[-92,-59],[-252,65],[-101,307],[-680,79],[-600,-455],[3,-107],[-228,-155],[-178,2],[-105,-167]],[[74392,80162],[-136,-44]],[[74256,80118],[-197,302],[-121,-64],[-269,95],[-62,229],[-203,130],[-87,281],[-163,126],[-240,-153],[-285,7],[-22,124],[-142,188],[-119,-57],[-7,-136],[-121,-99],[-144,414],[-276,659],[-214,427],[-314,324],[60,219],[-146,-6],[-337,-279],[-167,-104],[-324,-28],[32,123],[-135,170],[-252,57],[-254,4],[26,223],[-124,406],[-155,-82],[-334,131],[-215,-132],[-36,-116],[-515,-168],[-207,-25],[-88,-150],[-194,12],[-385,-161],[-318,-91],[-166,59],[-98,-246],[61,-193],[227,-103],[-12,-95],[-257,17],[-68,-132],[37,-267],[-242,-175],[111,-187],[250,-121],[61,-122],[-54,-213],[-209,-113],[-189,78],[-40,-125],[-258,64],[-146,213],[-144,16],[-110,-117],[-120,102],[-145,-26],[-192,-241],[-71,0],[-227,228],[-85,-125],[-105,193],[-196,211],[-213,0],[-66,115],[-201,-114],[-226,141],[-152,-253],[-208,-118],[-49,-134],[-143,-144],[-30,-143],[40,-196],[-114,-106],[-202,316],[-105,-60],[-93,-242],[-53,-280],[59,-155],[-87,-169],[-11,-226],[95,-74],[25,-194],[108,-83],[174,-33],[123,-245],[113,-315],[-97,-119],[173,-133]],[[63675,78534],[-298,-345],[-176,-78],[-114,-401],[-100,-144],[-1,-135],[133,-132],[77,-393],[-12,-274],[308,-685]],[[63492,75947],[-51,-140],[-147,-224],[-167,59],[-142,286],[-88,45]],[[62897,75973],[-220,181],[24,156],[-106,31],[-131,131],[-102,-5],[-152,-105],[-49,104],[-379,275],[-232,-3],[-259,182],[-139,20],[-48,-86]],[[61104,76854],[-350,500],[-149,76],[-91,161],[-123,21],[-130,319],[196,51],[-10,108],[89,251],[70,54],[-60,301],[368,281],[-224,40],[-76,-48]],[[58823,81855],[-52,121],[-44,509],[201,-60],[156,141],[-253,415],[-108,80],[-79,261],[-89,78],[49,154],[-19,299],[-187,158],[-209,-92],[-30,146],[-161,3],[-180,115]],[[57818,84183],[-12,232],[-83,185],[-2,259],[-124,122]],[[57597,84981],[112,180],[-74,247],[-7,329],[153,371]],[[57781,86108],[0,138],[259,60],[34,209],[-118,106],[2,136],[-237,-43]],[[57721,86714],[526,581],[443,589],[69,183],[-98,186],[-313,277],[125,191],[-110,199],[-10,230],[-130,117],[31,378],[105,33],[-53,235],[-227,507],[237,332],[-166,297],[-182,73],[-60,172],[137,308]],[[58045,91602],[529,438]],[[58574,92040],[162,-54],[148,152],[266,-116],[-157,-157],[363,-97],[604,-68],[520,-288],[736,-496],[163,-68],[62,-511],[-186,-219],[-342,-181],[-248,-39],[-801,191],[-191,124],[-373,88],[-176,148],[-107,-60],[306,-343],[232,-111],[107,-152],[-105,-270],[110,-236],[18,-245],[216,-105],[200,-216],[299,-110],[175,123],[-33,169],[-214,51],[-182,253],[99,187],[179,-37],[134,-132],[485,-174],[146,243],[-135,202],[6,143],[243,211],[217,92],[205,228],[524,-164],[108,252],[-54,246],[-142,90],[123,427],[-49,318],[286,17],[226,-57],[222,-363],[-323,-53],[-163,-161],[290,-360],[196,-15],[283,126],[46,311],[279,84],[544,357],[476,139],[347,233],[46,-443],[165,26],[412,217],[301,-55],[291,194],[207,65],[125,-153],[-75,-169],[221,-13],[288,325],[-212,348],[235,151],[652,-102],[848,-419],[163,-43],[202,-207],[215,-95],[177,347],[-166,9],[-149,296],[-262,123],[-38,184],[100,418],[-172,93],[70,220],[375,230],[214,569],[168,131],[515,10],[365,-129],[-52,-352],[-198,-306],[186,-229],[42,-189],[-57,-374],[0,-630],[79,-152],[204,-139],[-113,-226],[3,-183],[-155,-160],[-289,-476],[-170,-122],[-295,171],[-190,-154],[318,-136],[224,14],[214,-69],[139,181],[382,250],[79,242],[193,202],[-105,377],[52,191],[522,131],[216,-293],[-17,-399],[228,278],[-96,370],[-458,192],[-330,-84],[-288,62],[-60,293],[208,546],[-340,455],[163,231],[575,260],[-138,-278],[24,-272],[216,-71],[381,54],[-325,163],[-78,182],[681,279],[261,-8],[372,-168],[208,-198],[410,1],[-19,-189],[-165,-92],[151,-176],[45,-215],[196,-20],[-162,321],[117,283],[-258,190],[-128,180],[-377,144],[-88,345],[20,278],[823,56],[846,131],[17,454],[283,258],[699,266],[934,151],[285,172],[374,-22],[266,-105],[495,179],[40,137],[422,-1],[215,130],[-30,165],[595,366],[245,60],[522,-139],[-273,-181],[223,-100],[477,-43],[166,-120],[857,3],[418,-196],[348,-304],[-71,-324],[-485,-318],[-564,-241],[-455,-362],[-258,-42],[-221,-277],[354,19],[585,172],[112,314],[524,-177],[532,-72],[354,68],[865,-65],[-6,-198],[367,-154],[947,-14],[129,138],[-88,195],[300,128],[342,-135],[590,-22],[319,-168],[145,-504],[-293,-131],[390,-558],[388,-217],[112,91],[278,573],[240,-233],[188,-65],[495,145],[397,-156],[223,119],[519,-43],[-81,121],[43,258],[-69,200],[684,129],[404,-13],[547,-90],[308,-138],[502,6],[305,-85],[305,-371],[273,-135],[258,-260],[357,26],[583,124],[595,-32],[365,-143],[182,-277],[-48,-303],[299,-103],[174,-130],[233,155],[496,40],[98,-63],[641,-63],[224,139],[188,-271],[280,-110],[83,-169],[258,23],[127,126],[-115,310],[-27,302],[576,-80],[200,-83],[786,21],[227,-124],[534,-149],[320,-232],[0,-2256],[-153,-142],[-258,-126],[-293,77],[-9,-168],[338,-276],[16,-256],[174,-191],[66,-289],[-125,-212],[-306,131],[-186,23],[-578,-279],[-210,-161],[-247,-62],[-213,-142],[-129,-235],[-496,-361],[-71,-270],[-103,58],[-210,305],[-302,-13],[-326,-153],[-230,-189],[60,291],[-352,-222],[-362,-34],[-103,-118],[-38,-307],[-75,-163],[-240,-330],[-50,-213],[141,-179],[70,104],[137,-150],[-120,-189],[6,-315],[126,-71],[22,-262],[-80,-109],[-144,125],[-123,-99],[-99,-421],[104,-349],[-105,-126],[-265,4],[-194,-202],[-64,-234],[15,-232],[-358,-292],[-40,-328],[-100,-285],[-377,-484],[-69,291],[-37,596],[-74,286],[-54,531],[-79,540],[-18,278],[45,417],[74,359],[207,263],[69,181],[-52,163],[183,29],[60,127],[151,3],[230,230],[154,219],[71,186],[280,288],[250,303],[69,154],[269,209],[205,77],[82,246],[56,546],[109,103],[-95,130],[-257,-84],[-90,-437],[-171,-75],[-452,-523],[-245,310],[121,289],[-213,-43],[-132,117],[-280,-97],[-166,26],[-220,-183],[-14,-120],[-215,-286],[-245,-230],[-189,-313],[81,-169],[162,-104],[-321,-164],[-181,80],[-133,-158],[-432,-37],[-57,119],[242,45],[-141,210],[-285,38],[-227,104],[-121,-163],[-370,-58],[-100,-69],[-297,94],[-142,-134],[-105,124],[-656,-25],[-324,-213],[-76,-147],[-297,-307],[-66,-230],[-123,-72],[-155,-206],[-218,-210],[-269,-476],[-421,-453],[-254,-236],[-1,-122],[165,-85],[262,21],[-31,-397],[131,-63],[48,-163],[268,31],[102,88],[10,331],[173,-73],[108,48],[177,-267],[183,-184],[110,-178],[-64,-470],[88,-110],[-33,-148],[-121,-173],[-68,-224],[-59,-395],[12,-547],[-97,-618],[-221,-367],[-103,-290],[-116,-188],[-69,-296],[-181,-417],[-245,-373],[-184,-393],[-74,-67],[-109,-310],[-97,-178],[-395,-401],[-153,-76],[-125,103],[-113,4],[-161,184],[-157,-332],[-131,-187]],[[56,91555],[257,-108],[407,-293],[573,-326],[159,-515],[90,183],[214,24],[288,-126],[235,4],[445,-421],[-131,-334],[-430,-113],[0,-217],[-197,-198],[121,-93],[-145,-142],[-200,39],[-164,157],[-299,95],[-127,120],[-67,265],[-267,82],[-349,-74],[-158,260],[-204,111],[-32,-187],[105,-165],[-180,-259],[0,141],[0,141],[0,141],[0,141],[0,141],[0,141],[0,141],[0,141],[0,141],[0,141],[0,141],[0,141],[0,141],[0,141],[0,141],[56,116]],[[63966,98460],[395,-138],[-779,-184],[-351,-148],[-275,109],[706,148],[304,213]],[[68823,95758],[-412,-146],[-1368,-385],[-315,-299],[-469,-171],[-26,-213],[-410,-440],[-149,-40],[-395,91],[-196,-60],[-150,240],[245,111],[261,385],[254,190],[164,245],[498,272],[604,152],[41,94],[491,-26],[804,217],[464,227],[264,-43],[115,-208],[-315,-193]],[[65366,94071],[308,-62],[-96,-237],[-202,-187],[-16,-305],[207,-340],[236,-241],[70,-195],[-707,53],[-244,77],[-99,419],[-431,-29],[-104,165],[40,169],[289,133],[314,571],[435,9]],[[76812,98545],[363,-160],[-183,-321],[-725,-66],[-192,-67],[-652,201],[482,249],[-54,114],[760,168],[201,-118]],[[77131,98017],[450,-82],[213,-138],[-173,-543],[-523,-4],[-806,173],[-121,158],[-319,54],[533,346],[746,36]],[[78578,97496],[628,-251],[47,-184],[-443,-139],[-699,-38],[-311,-125],[56,406],[363,386],[359,-55]],[[88902,95523],[248,-74],[151,251],[270,-134],[341,-23],[436,-160],[-103,-183],[-240,-129],[-482,-112],[-83,81],[-802,-193],[-280,82],[-302,252],[138,388],[365,167],[343,-213]],[[90776,95259],[919,-87],[150,-159],[-291,-99],[-418,31],[-540,215],[180,99]],[[99683,92641],[8,233],[308,177],[0,-314],[-316,-96]],[[89655,83175],[60,-145],[-16,-200],[84,-287],[28,-393],[-46,-305],[83,-353],[100,-685],[127,-559],[-325,-65],[-147,-649],[-5,-193],[125,-296],[77,-383],[-196,82],[-103,-353],[-105,209],[58,397],[-20,258],[60,245],[-88,424],[77,472],[-20,545],[38,408],[-135,296],[-17,309],[40,163],[6,451],[195,62],[40,300],[-93,180],[118,65]],[[312,93074],[373,-181],[-80,-113],[-468,-83],[-137,40],[0,314],[312,23]],[[63962,91696],[-178,-188],[-266,-73],[-108,177],[98,228],[165,44],[289,-188]],[[67268,98406],[-310,-239],[-485,59],[80,170],[715,10]],[[65199,98568],[826,-186],[-550,-89],[-457,101],[181,174]],[[89495,94409],[322,-188],[-42,-201],[-443,52],[-260,82],[117,238],[306,17]],[[96999,91923],[-392,148],[158,103],[283,-76],[-49,-175]],[[95453,85600],[35,237],[241,56],[-3,-130],[-273,-163]],[[91277,77947],[-191,-188],[-40,115],[231,73]],[[81496,94700],[-168,-176],[-317,103],[123,159],[362,-86]],[[69631,93948],[-188,152],[262,90],[190,-197],[-264,-45]],[[66791,92128],[-242,-113],[-174,88],[-133,216],[148,114],[401,-305]],[[55821,83685],[-101,-171],[165,-27],[13,190]],[[55898,83677],[233,-116],[137,-2],[73,-127],[-18,-278]],[[56323,83154],[-710,37],[-168,22]],[[55445,83213],[103,266],[152,43],[105,168]],[[55805,83690],[16,-5]],[[58251,77914],[-41,-240],[-142,-49],[-112,-266],[-16,-319]],[[57940,77040],[-149,46],[-46,95],[-221,104],[-242,-93],[-200,-193],[-631,117],[-145,209]],[[55622,78403],[253,113],[316,820],[163,126]],[[57394,79642],[100,-60],[99,-297],[204,-381],[48,-304],[-40,-276],[31,-300]],[[64112,66122],[-12,378],[67,309],[72,99],[78,-145],[-16,-217],[32,-217],[-48,-277],[-45,-35]],[[45224,70776],[139,-64],[-41,-63],[-92,43],[-6,84]],[[47942,73259],[-119,-100],[-212,67],[-60,178],[-28,623],[-155,126],[27,350],[63,118],[73,366],[64,490],[-43,359],[9,166]],[[42875,73640],[106,5],[-48,-77],[-58,72]],[[55231,80363],[-75,212],[-191,53],[-201,234],[-131,-161],[-187,296],[-181,115],[-152,27]],[[54113,81139],[58,227],[-116,334],[42,144],[-37,257],[-136,201],[80,234],[-44,257]],[[53960,82793],[-12,81]],[[53948,82874],[-1,46]],[[53947,82920],[549,196],[103,152],[195,101],[295,62],[96,-234],[86,-47],[174,63]],[[56323,83154],[191,-123],[9,-117]],[[56523,82914],[112,-526],[-12,-209],[-101,-65],[-79,-170],[127,-124],[-14,-301]],[[83638,62566],[207,-185],[126,62],[-41,-372],[24,-185],[78,-179],[-106,-541],[-150,-145],[3,-152],[-60,-199],[84,-338],[-13,-148],[43,-211],[111,19],[80,101],[102,-41],[104,-290],[56,126],[81,-48],[-32,-205],[148,-283],[-23,-270],[-120,198],[-88,76],[-41,230],[-158,268],[-52,-239],[-175,256],[-159,-171],[-101,141],[-62,174],[85,176],[-10,128],[-224,78],[-70,850],[92,-160],[64,100],[-24,177],[29,246],[-14,393],[67,501],[139,62]],[[82586,56704],[10,158],[149,304],[64,61],[252,580],[73,127],[-7,156],[74,62],[44,-231],[-111,-173],[-26,-110],[-114,-83],[-2,-86],[-94,-295],[-124,-218],[-188,-252]],[[84026,58533],[184,-45],[-40,-242],[-68,-168],[-159,-116],[-65,143],[39,444],[109,-16]],[[84202,57064],[-158,241],[-42,122],[17,154],[107,72],[-11,240],[46,221],[76,62],[86,-123],[-112,-528],[40,-292],[-49,-169]],[[84603,58377],[99,17],[23,-338],[67,-301],[-63,-133],[-69,78],[2,353],[-95,82],[36,242]],[[84788,59059],[82,-194],[-22,-137],[48,-473],[-110,8],[-55,113],[-42,250],[-138,270],[-26,187],[263,-24]],[[83528,59607],[139,-27],[88,-173],[5,-284],[-84,-242],[-87,169],[-44,264],[-71,167],[54,126]],[[85001,57212],[52,-26],[35,-249],[32,-582],[38,-90],[3,-247],[-40,-136],[-100,-161],[-71,346],[-117,-310],[52,-190],[22,-280],[-59,-182],[-228,193],[-155,234],[-25,339],[61,232],[-66,155],[-132,82],[-29,-230],[-248,152],[-89,-385],[-36,207],[24,258],[57,125],[159,74],[30,139],[116,176],[115,-156],[8,-140],[96,47],[63,193],[78,-25],[38,236],[185,97],[-34,304],[30,52],[135,-252]],[[84269,57286],[4,298],[90,292],[67,-91],[-85,-170],[-76,-329]],[[84609,57480],[-65,-90],[-118,-4],[-33,112],[99,183],[112,-63],[5,-138]],[[84365,58921],[90,-185],[-16,-85],[-157,216],[83,54]],[[84542,59695],[-88,18],[52,239],[53,-119],[-17,-138]],[[30565,49403],[-76,-38],[-46,87],[-110,-13],[-48,-102],[-242,-89],[-237,-324],[-53,-32],[-25,-295],[-72,-267],[28,-212],[-173,-253],[3,-248],[-70,-127],[125,-455],[160,-373],[-65,-241],[230,-57],[55,-284],[262,22],[167,281],[-1,-883],[117,-21],[72,68],[106,-13]],[[30672,45534],[248,-893],[-81,-218],[-1,-355],[-26,-107],[54,-297],[-98,-230],[-39,-211],[56,-157],[-68,-212],[56,-314],[84,-65],[-30,-219],[-168,-321],[32,-176]],[[30691,41759],[-95,-114],[-20,-290],[-137,-80]],[[30439,41275],[-255,382],[-54,223],[-161,169],[-99,169],[-91,54],[-286,266],[-90,138],[-266,289],[-119,295],[-111,153],[-99,288],[30,356],[-181,672],[-89,166],[-18,229],[-115,216],[-29,260],[-125,431],[-160,848],[-69,234],[-102,216],[-106,443],[-97,240],[-195,212],[-102,196],[82,105],[-62,421],[-64,207],[15,200],[135,340],[131,198]],[[27687,49891],[41,-282],[-92,-111],[6,-186],[97,56],[139,-92],[85,-272],[71,-36],[60,187],[122,512],[21,199],[135,259],[328,241],[164,248],[144,347],[85,562],[-59,229],[53,29]],[[29087,51781],[134,-54],[107,-219],[48,-224],[161,-161],[47,-256],[83,-79],[12,-258],[74,-75],[137,-12],[114,59],[64,101],[99,-105],[134,67],[228,-254],[6,-53],[-184,-594],[110,-19],[104,-242]],[[33844,40227],[92,-480],[-43,-604],[45,-55],[246,-74],[115,97],[92,-103],[95,-15],[54,-290],[80,-680],[107,9],[99,94],[106,-135],[-64,-676],[-39,-205]],[[34829,37110],[-18,-422],[-41,-198],[-86,-161],[-81,-45],[-101,-234],[-103,54],[-76,-133],[-188,48],[-425,158],[125,326],[-3,143],[87,216],[84,346],[-65,155],[-151,102],[-280,291],[-144,208],[-263,135],[-267,390],[-159,428],[-77,118]],[[32597,39035],[104,673],[0,290],[100,292],[44,236],[486,201],[255,6],[253,-306],[5,-200]],[[92490,49103],[-80,148],[-22,290],[116,-63],[30,-85],[-44,-290]],[[92198,49368],[56,48],[80,-74],[-2,-225],[-107,-157],[36,-203],[-77,-120],[-97,7],[-80,-211],[-222,-206],[-216,-8],[-75,122],[-71,-28],[-201,209],[-16,127],[182,34],[68,-51],[293,22],[181,64],[104,267],[96,45],[-33,309],[101,29]],[[89159,46590],[0,1275],[-31,95],[31,227],[0,1221],[-1,931]],[[89158,50339],[59,-10],[285,-263],[193,-136],[168,-64],[140,-203],[129,-24],[169,-302],[69,-20],[120,-253],[24,-373],[153,-84],[175,-174],[95,-18],[118,-210],[12,-200],[-201,-34],[-44,-120],[63,-258],[149,-287],[111,-131],[34,-260],[57,-81],[36,-206],[185,-11],[-13,-193],[155,-230],[32,-119],[220,-141],[-51,-219],[-130,35],[-73,129],[-380,96],[-171,67],[-100,228],[-109,165],[-29,170],[-60,39],[-184,546],[-85,72],[-209,86],[-129,136],[-249,-365],[-144,-64],[82,-283],[-7,-91],[-200,-212],[-116,91],[-304,-29],[-44,59]],[[93321,47991],[-67,-102],[-104,82],[-39,238],[-117,194],[-11,245],[71,3],[130,-348],[99,-136],[38,-176]],[[28507,56830],[-9,-133],[54,-227],[-39,-189],[-109,-97],[-43,-177]],[[28361,56007],[-75,181],[-70,298],[85,184],[-98,38],[-13,105],[-159,212],[-98,5],[-69,-89],[-17,-147],[-172,-177],[-25,-122],[107,-236],[-101,-226],[-113,-31],[-53,283],[-130,5],[-62,240],[-265,106],[-55,-144]],[[26978,56492],[-33,171],[22,214],[-6,409],[104,73]],[[27065,57359],[54,-85],[35,-229],[129,-43],[118,-101],[144,61],[81,112],[116,74],[153,223],[298,-110],[117,-98],[197,-333]],[[87387,56095],[-25,32],[14,90],[29,40],[-18,-162]],[[71323,72385],[79,-318]],[[71402,72067],[-126,-215],[-154,-38],[-92,-96],[-145,78],[-247,73],[-94,-65],[-42,-189],[47,-77],[6,-232],[42,-162],[-44,-153],[86,-144],[14,-128],[85,-144],[187,-138],[-22,-80],[-143,-111],[-63,-136],[34,-390],[-116,-153],[-88,-193],[-25,-197],[-119,-91],[-133,-522],[-156,-159],[-131,-455],[-314,-134],[-93,170],[-72,-101],[-69,-217],[-91,-172],[-27,-213],[190,-192],[-22,-230],[52,-210],[107,-23],[1,-141],[110,-423],[-1,-166],[-91,-93],[-47,103],[-231,-141],[-44,58],[-231,-5],[-1,-173],[-155,-62]],[[68934,65585],[-138,-26],[-100,209],[-38,335],[-130,60],[-1,211],[-75,201],[-208,-127],[-251,-27],[-33,-71],[-260,116],[-64,-101],[-255,25],[-72,-69],[-202,39]],[[67107,66360],[23,326],[55,273],[103,66],[56,118],[202,60],[0,338],[-113,-1],[-6,433],[-107,238],[-129,75],[-74,142],[-85,334],[-132,280]],[[66900,69042],[454,-259],[303,52],[148,-62],[117,100],[159,-3],[301,159],[61,620],[146,227],[101,-51],[81,166],[177,174],[106,-3],[76,-97],[114,174],[-11,287],[72,337],[117,54],[101,147],[-116,305],[35,89],[117,-59],[177,57],[-24,277],[182,376],[-54,375],[-67,120],[121,227],[278,227],[319,34],[64,-38],[150,115]],[[70705,73169],[224,-63],[21,-101],[116,-51],[37,-154],[-8,-210],[85,-119],[143,-86]],[[65663,66232],[70,-294],[161,-315],[108,-69],[269,-92],[266,-613],[80,-40],[-7,-167],[-119,-415],[-132,-223],[-117,-406],[-73,10],[-97,-104],[-41,-367],[27,-340],[-176,-66],[-145,-181],[-29,-243],[-78,-124],[-220,-62],[-62,-148],[11,-118],[-64,-197],[-277,-20],[-127,-141],[-146,-64]],[[65577,66856],[97,152],[-36,-390]],[[53163,85850],[-154,85],[-338,-137],[-403,-462],[-323,-69],[-360,287],[-53,117],[94,134],[-3,227],[-198,-73],[48,240],[-52,110],[35,424],[-54,79],[-34,578],[169,346],[227,173],[259,-5],[-77,204],[304,77],[82,256],[124,64],[237,-12],[3,138],[238,319],[184,150],[34,131],[225,157],[32,224],[195,260],[36,300],[458,552],[12,179],[144,150],[208,75],[163,246],[205,100],[198,205],[53,184],[194,49],[57,108],[242,78],[304,3],[66,165],[357,115],[100,-157],[382,346],[66,172],[308,-85],[508,137],[418,-133],[512,-338],[-373,-171],[53,-144],[299,32]],[[58045,91602],[103,260],[-54,114],[-347,225],[-379,-85],[-143,-151],[-73,-382],[-224,-228],[-302,122],[-148,-90],[-253,41],[-220,317],[-277,-135]],[[55348,92203],[94,-55],[-225,-225],[-121,108],[252,172]],[[54861,91933],[125,-230],[-272,-34],[147,264]],[[47512,92649],[-3,44],[124,66],[49,63],[95,-57],[-176,-58],[-89,-58]],[[56002,97117],[419,-348],[311,-54],[-110,-231],[-289,-128],[-207,130],[-124,239],[-384,324],[384,68]],[[55804,98069],[432,88],[1225,-139],[94,-146],[-433,-290],[-470,-121],[-858,118],[-593,209],[-106,172],[709,109]],[[54662,97872],[499,-193],[141,-239],[380,-16],[259,-224],[-450,-68],[-370,-344],[-58,-290],[-168,-71],[-257,-472],[-648,377],[-100,122],[254,140],[-344,196],[365,71],[-99,151],[-414,-102],[-382,276],[-157,238],[-95,384],[524,-12],[175,-170],[676,116],[269,130]],[[85175,73606],[-192,53],[-137,-82],[-71,177],[-139,52],[104,247],[95,421],[-13,137],[-224,152],[-54,123]],[[84544,74886],[147,263],[305,256],[139,261],[31,163],[84,81],[77,-144],[259,-82],[50,100],[-69,245],[244,29],[109,216],[112,36],[50,301],[95,-61],[80,-205]],[[86301,76210],[-64,0],[-194,-340],[-14,-492],[-390,-473],[-204,-147],[-48,-330],[108,-72],[164,-265]],[[53779,59737],[127,-361]],[[53906,59376],[37,-400],[89,-49],[31,-109],[-19,-355],[-186,-203],[-99,-308],[-33,-250],[-40,-78],[-27,-286],[-68,-66],[-34,-310],[-112,-168],[-47,-180],[-61,-399],[-69,-183],[-60,-332],[-110,-149],[-34,150],[-118,210],[-35,-99],[-94,61],[-101,-136],[-33,-132],[-167,-301],[-72,-467],[-68,-255]],[[52376,54582],[-73,-114],[-316,-25],[-111,-98],[-189,-31],[-135,206],[-99,481],[-103,313],[-120,186],[-84,36],[-395,-24]],[[50751,55512],[19,197],[-24,669],[24,677],[75,20],[78,400],[65,75],[5,208],[72,195],[-33,272],[-64,182],[30,173]],[[50998,58580],[14,480],[84,142],[56,393],[76,109],[111,65],[117,-2],[69,67],[248,-155],[117,-286],[70,-62],[203,195],[85,-27],[182,-221],[241,-56],[158,265],[215,58],[125,-10],[292,-150],[54,134],[186,199],[78,19]],[[50998,58580],[-199,387],[-142,-84],[6,-187]],[[50663,58696],[-83,219],[34,150],[-38,101],[-142,-45],[-160,234],[-3,294],[-100,87],[-65,313],[-61,145],[15,238]],[[50060,60432],[206,44],[95,164],[612,48],[103,230],[68,347],[32,368],[-2,1237]],[[51174,62870],[447,193],[457,803],[527,644],[431,528],[288,352]],[[53324,65390],[420,-195],[208,-323],[208,217]],[[54160,65089],[54,-618],[3,-230],[118,-328],[-6,-127],[101,-248],[-60,-230],[-27,-630],[-45,-1096],[-307,-667],[-156,-451],[-100,-338],[44,-389]],[[26900,60479],[-39,-140],[31,-236],[-62,-198],[-43,-389],[15,-524],[-72,-276],[33,-167],[-60,-197],[63,-221]],[[26766,58131],[-47,-100],[-99,21],[-50,115],[-98,42],[-58,-61],[-198,137],[-34,-70]],[[26182,58215],[-60,155],[-141,234],[-80,241],[-253,431],[91,43]],[[25739,59319],[78,7],[96,186],[-6,259],[112,4],[50,129],[101,-86],[169,287],[54,236],[94,-53],[216,77],[126,123],[71,-9]],[[98087,28064],[173,168],[156,-18],[-58,-280],[53,-135],[-205,-448],[-90,-264],[-140,-163],[57,-364],[-149,35],[-262,-176],[-59,-222],[-33,-299],[-114,-371],[-282,-500],[-163,-45],[-199,14],[-54,140],[-141,98],[-264,-3],[29,244],[-28,133],[128,334],[165,212],[161,296],[122,52],[237,231],[178,278],[122,104],[143,266],[64,386],[146,202],[36,287],[139,247],[96,-190],[36,-249]],[[98129,31719],[160,-53],[132,-127],[62,-193],[-42,-110],[114,-309],[-22,-306],[160,-88],[45,298],[116,-277],[64,-396],[184,-141],[157,-58],[187,251],[146,-79],[-74,-495],[-81,-99],[-3,-242],[-155,35],[-126,-165],[43,-176],[-74,-279],[-239,-608],[-187,-229],[-40,112],[-147,73],[146,385],[26,192],[-68,194],[-299,255],[-25,213],[154,102],[55,102],[33,322],[59,243],[-55,205],[15,291],[-86,1],[-8,283],[-139,158],[-230,559],[42,156]],[[2832,40850],[-28,-31],[-12,37],[32,62],[8,-68]],[[2089,46900],[-1,-1],[-4,20],[3,-5],[2,-14]],[[5628,39602],[-28,7],[2,21],[18,7],[8,-35]],[[51664,81077],[-90,32]],[[51574,81109],[44,184],[-88,86],[-280,115],[-77,-51]],[[51173,81443],[-177,39],[249,493],[54,288],[384,344],[210,20],[106,-92]],[[51999,82535],[-45,-519],[-82,-271],[-220,-85],[68,-158],[-83,-291],[27,-134]],[[51173,81443],[-90,-103],[-153,98]],[[50930,81438],[243,5]],[[30583,59015],[-12,-7],[-34,62],[26,12],[20,-67]],[[31054,58838],[-23,16],[-23,49],[0,26],[42,-41],[4,-50]],[[30902,58789],[-14,-8],[-54,56],[-44,90],[22,25],[17,-64],[52,-42],[21,-57]],[[74474,67897],[-35,-424],[50,-236],[-30,-170],[-213,-40],[-76,112],[-87,-69],[-93,80],[-175,38],[-47,115],[-76,-57],[-169,173],[-21,149],[-144,111],[-73,-66],[-150,-4],[-154,86],[-207,227],[-38,-27],[-190,270],[-161,181],[-144,104],[92,518],[169,250]],[[72502,69218],[113,100],[174,-6],[32,-122],[193,-249],[84,-40],[119,-248],[144,21],[35,-177],[135,-182],[124,-2],[-11,-159],[155,-23],[203,-200],[40,90],[163,-143],[269,19]],[[96376,51545],[-11,-17],[-1,27],[12,-10]],[[57016,41593],[-97,-16],[-106,-133],[-47,43],[-216,-274],[-79,245],[-55,10],[-302,-108],[-288,-70],[0,-821],[-1,-1299],[-276,0],[0,-635],[1,-965]],[[54568,35358],[-202,375],[-105,334],[-104,615],[-34,342],[-2,399],[-93,478],[-8,531],[-20,180],[34,153],[-56,295],[-97,244],[-145,490],[-79,422],[-35,90],[-162,634],[-101,222],[-88,311],[-10,433]],[[53261,41906],[76,47],[148,-26],[154,142],[84,-23],[148,-220],[720,-1],[519,-5],[89,-175],[99,-66],[366,-40],[65,-63],[220,-2],[545,207]],[[59222,43770],[121,-319],[193,92],[48,-109],[10,-403],[-81,-340],[41,-180],[248,-517],[-34,309],[53,231],[110,58],[21,369],[5,431],[-167,446],[-110,219],[-80,90],[-22,399],[-34,263],[83,358],[83,6]],[[61239,45815],[23,-347],[-40,-153],[50,-751],[-10,-476],[26,-535],[54,-231],[-60,-186],[-16,-207],[-125,-291],[-74,-263],[-167,-206],[-44,-103],[-261,-156],[-250,-286],[-196,-449],[-37,-144],[-78,-42],[-131,-185],[-80,-191],[-116,-183],[-53,-6],[-16,-335],[79,-232],[79,-486],[13,-430],[72,-326],[-56,-481],[18,-215],[-78,-213],[-152,-161],[-350,-254],[-155,-220],[-56,-208],[96,-143],[-14,-344]],[[49383,72064],[118,-203],[24,-332],[8,-494],[47,-254],[124,-235],[-59,-219],[-326,24],[-134,-51],[-24,-120],[-224,-99],[-2,-267],[-43,-164],[-93,-124],[-180,-134],[-133,-293],[-292,-85],[-38,-139],[-127,33],[-164,-159],[-271,-363],[-7,-612]],[[47587,67774],[-19,-268],[-183,-59],[-90,-132],[-143,0],[-187,87],[-130,-74],[15,-144],[-106,-304],[-86,-43],[-112,-691],[-175,-248],[-69,-241],[-128,-110],[-69,-219],[-56,-634],[-114,-259],[-58,-236],[-253,23],[-348,-40]],[[45276,64182],[21,276],[115,250],[85,440],[173,561],[152,275],[51,186],[17,306],[106,490],[232,277],[112,530],[63,149],[267,124],[154,146],[97,191],[166,202],[176,429],[51,173],[4,195],[-62,155],[19,407],[128,382],[28,280],[181,354],[82,107],[205,154],[184,189],[152,465],[119,582],[146,83],[81,-267],[75,-107],[141,-69],[177,68],[237,-87],[172,-14]],[[47587,67774],[0,-214]],[[47587,67560],[1,-743],[-471,0],[-455,0],[-2,-1456],[-166,-113],[-114,-156],[-38,-143],[20,-148],[22,-669],[-615,-2],[-482,-1],[-23,-301]],[[45264,63828],[12,354]],[[55651,76513],[-78,-162]],[[55573,76351],[-114,47],[-104,-262],[17,-175]],[[55372,75961],[-124,219],[-105,106]],[[55143,76286],[-22,73]],[[55121,76359],[2,235],[138,304],[70,21]],[[82411,80543],[-202,-654],[-110,-428],[94,-149],[93,99],[147,6],[164,-125],[116,193],[202,-2],[337,-480],[52,-169],[-53,-145],[-388,64],[-271,-204],[-214,-42],[-90,-284],[-155,-195],[-323,-54],[-136,-243],[-123,-113],[-275,99],[-51,81],[-143,3],[-77,-136],[-61,-265],[148,-378],[-257,-213],[-169,-327],[-266,-183],[-353,-5],[-389,-92],[-437,-317],[-41,-70],[-154,25],[0,125],[-218,-72],[-177,147],[-306,120],[-72,144],[-481,122],[-143,-63],[-628,128],[-228,-40],[-131,280],[-157,617],[-177,42],[-293,317],[-241,78],[-335,23],[-196,69],[-60,190],[95,294],[8,284],[-45,245],[-104,191],[-51,225],[-209,189],[-142,-1],[-148,220],[-149,98],[-66,188],[20,162]],[[52066,77044],[-17,-10]],[[52049,77034],[10,22],[7,-12]],[[23015,66797],[-22,-216],[-79,-329],[-44,-360],[-27,-624],[5,-210],[-31,-183],[61,-588],[144,-569],[184,-430],[47,-303],[130,-339],[177,-31],[107,-107],[70,-196],[99,12],[177,135],[185,22],[49,83],[204,60],[48,-142],[147,89],[-19,159],[167,260],[13,218],[52,105],[6,371],[37,261],[148,153],[261,80],[208,116],[244,-97],[60,84],[59,-99],[-11,-309],[-99,-217],[-69,-234],[12,-299],[-94,-655],[-120,158],[-28,-143]],[[25473,62483],[-63,-15],[-79,-277],[-98,-86]],[[25233,62105],[-508,1],[-1,-325],[-116,2],[194,-316],[82,-183],[-8,-183],[-359,-1],[-125,-432],[31,-142],[-44,-305]],[[24379,60221],[-160,342],[-307,527],[-127,133],[-80,-48],[-66,125],[-157,-255],[-208,-163],[-83,-23],[-187,148],[-158,33],[-107,138],[-106,57],[-67,132],[-258,107],[-93,115],[-228,162],[-210,260],[-68,155],[-237,81],[-206,152],[-131,289],[-285,278],[-151,384],[-52,235],[114,112],[-65,114],[71,197],[8,214],[-62,74],[-60,213],[1,195],[-41,173],[-169,327],[-149,395],[-164,276],[-118,147],[-117,333],[-182,165],[-99,142],[-11,176],[63,157],[-79,234],[-76,-5],[-52,217],[-148,140],[-39,191],[24,121],[-164,60],[-98,240],[-57,50],[-134,316],[-17,144],[-143,412],[-104,466],[18,222],[-160,96],[-90,163],[-56,-70],[-192,168],[-12,-370],[69,-374],[-4,-155],[77,-235],[171,-267],[71,-254],[82,-73],[93,-216],[38,-345],[112,-174],[89,-320],[122,-150],[66,-335],[11,-194],[72,-151],[99,-425],[-16,-115],[52,-216],[146,-23],[167,-400],[-10,-153],[-129,-189],[-46,69],[-76,345],[-294,417],[-181,294],[4,374],[-33,244],[-56,174],[-179,213],[-51,157],[-109,-78],[-68,141],[-168,145],[-26,123],[-126,176],[193,78],[70,319],[-27,103],[-236,449],[-189,214],[-39,316],[-50,63],[-19,225],[-166,438],[11,165],[-63,84],[-78,309]],[[66014,40043],[-74,147],[53,134],[60,-125],[-39,-156]],[[45406,60966],[0,258],[53,369],[74,357],[14,197],[-16,364],[-35,278],[-84,207],[64,245],[21,254],[-61,244],[-54,-10],[-70,260],[-48,-161]],[[47587,67560],[366,-446],[314,-382],[393,-491]],[[48660,66241],[-492,-1],[63,-1134],[79,-1432],[55,-1003],[71,-1284],[75,-165],[-43,-453],[-568,0],[-450,0],[-212,-71],[-210,29],[-55,-157],[-169,280],[-71,-122],[-31,-248],[-114,-107]],[[54046,72495],[-36,-18],[-24,29],[27,49],[33,-60]],[[48660,66241],[435,-584],[545,-740],[273,-370],[405,-549],[5,-164],[124,-151],[21,-102],[148,-75],[52,-106],[221,-158],[15,-218],[-42,-150],[82,-93],[230,89]],[[50060,60432],[-126,85],[-146,-6],[-80,-132],[-200,-192],[-57,-17],[-39,-166],[-95,61],[-116,-186],[-12,-157],[-78,-3],[-29,-226],[-76,-50],[-132,108],[-77,-151],[28,-188],[-70,-70],[14,-192],[-102,-176],[-136,-118],[-4,-358],[-53,-95],[-9,-355]],[[48465,57848],[-89,-21],[-53,-112],[-63,305],[-84,-79],[-36,-137],[-114,-84],[-155,129],[-91,-152]],[[47780,57697],[-67,158],[-29,319],[-91,26],[71,202],[-115,165],[1,143],[-62,277],[-216,-207],[-127,98],[-111,-181],[-71,176],[-104,-109],[-23,224]],[[70419,54242],[-11,3],[9,37],[7,5],[-5,-45]],[[78361,55438],[66,-40],[54,-178],[124,-195],[121,-388],[15,-264],[-30,-359],[25,-143],[-4,-339],[104,-203],[132,-633],[-165,-18],[-94,55],[-174,178],[-162,227],[-101,187],[-135,180],[1,212],[-162,410],[-28,395],[-73,539],[-3,229],[-62,263]],[[82659,54245],[-132,96],[-334,7],[-91,-237],[-1,-284],[-31,-237],[-102,-111],[25,-183],[-109,-157],[13,-156],[-80,-295],[-178,-19],[-78,-114],[-171,114],[-18,76],[-129,-4],[-81,-69],[-30,-171],[-86,-83],[-231,11],[-120,-90],[-236,434],[-7,238]],[[80452,53011],[98,-179],[102,1],[164,-116],[59,127],[32,231],[-7,171],[135,241],[280,124],[85,78],[112,308],[133,290],[39,201]],[[81684,54488],[151,-327],[64,212],[-26,187],[78,105]],[[81951,54665],[32,0]],[[81983,54665],[105,86],[-28,210],[105,71],[95,341],[99,226],[71,263],[45,-183],[60,178],[46,-168],[98,-117],[-8,-307],[107,65],[31,-110],[133,-156],[175,-104],[-26,-179],[-127,-79],[-81,31],[-55,-109],[105,-188],[-18,-81],[-136,-64],[-74,50],[-46,-96]],[[82745,54254],[-66,-10]],[[82679,54244],[66,10]],[[63760,44681],[111,-368],[66,-558],[17,-399],[68,-376],[-76,-331],[-88,289],[-67,-63],[17,-293],[33,-103],[-17,-323],[-64,-125],[-28,-181],[11,-318],[-116,-703],[-126,-771],[-71,-513],[-123,-644],[-97,-811],[-106,-526],[-124,-209],[-159,-46],[-181,-192],[-109,12],[-84,120],[-129,62],[-87,133],[-96,368],[-12,354],[21,123],[-42,258],[-48,112],[-36,482],[65,400],[83,102],[31,180],[91,280],[46,264],[12,284],[-58,204],[-2,192],[-53,261],[-17,516],[123,397],[15,280],[120,25],[72,110],[120,-6],[28,103],[175,58],[40,115],[371,558],[-10,101],[61,236],[223,399],[32,191],[-3,275],[85,218],[92,-203]],[[56206,76217],[137,-185],[47,-159],[-25,-219]],[[56365,75654],[-117,-126],[-157,-6],[-98,-137],[-170,-11]],[[55823,75374],[-62,32],[-70,211],[21,346]],[[55712,75963],[137,172],[140,44]],[[51699,80714],[103,-186],[-40,-199]],[[51762,80329],[-154,49]],[[51608,80378],[-13,220],[104,116]],[[55898,83677],[-52,464]],[[55846,84141],[288,194],[480,-45],[86,-37],[217,77],[46,-114],[144,-40],[280,-267]],[[57387,83909],[-117,-383],[-87,-48],[-87,-338],[-217,-206],[-356,-20]],[[55805,83690],[16,-5]],[[52646,79072],[15,-123]],[[53195,70957],[216,-187],[131,-33],[147,66],[265,-135],[77,-98],[184,-69],[51,-133],[38,-290],[58,-133],[116,-93],[183,-29],[158,-76],[233,-176],[208,-280],[98,-1],[117,115],[122,340],[-62,426],[54,231],[139,208],[281,206],[154,-11],[250,-173],[55,-233],[142,-32],[92,-86],[154,4],[95,-76],[35,-132]],[[56986,70077],[-83,-184],[34,-322],[-69,-303],[70,-616],[0,-1164],[0,-905],[0,-906],[0,-1164]],[[56661,63073],[-666,682],[-532,545],[-399,409],[-625,639],[-279,-259]],[[53324,65390],[-120,445],[-236,150],[-120,23],[-63,265],[-8,162],[-153,423],[12,154],[102,125],[10,171],[-41,278],[47,262],[-28,446],[8,235],[-48,345],[-100,316],[58,66]],[[47143,56730],[143,29],[70,-109],[41,-407],[-25,-113],[95,-131],[63,27],[51,228],[61,-57]],[[47642,56197],[53,-279],[-10,-157],[-75,-170],[111,-125],[87,-32],[26,-150],[95,-77],[7,-297],[-39,-141],[7,-420]],[[47904,54349],[-199,138],[-242,267],[-318,590],[-141,133],[-18,90],[-123,128],[-60,126]],[[59963,71101],[-8,-10]],[[59955,71091],[-119,-196],[-84,5]],[[59752,70900],[140,546],[10,125],[91,219]],[[55846,84141],[7,434],[77,112],[105,319],[230,88],[303,-434],[210,204],[-22,314]],[[56756,85178],[219,111],[244,-130],[151,-176],[227,-2]],[[57818,84183],[-158,-198],[-146,18],[-127,-94]],[[79866,60313],[-195,-225],[-88,152],[-145,-135],[40,-170],[-61,-71],[-200,243]],[[77811,63546],[35,238],[141,335],[106,147]],[[78093,64266],[24,-198],[134,-42],[8,389],[-59,247],[41,120],[127,-48]],[[69707,76179],[86,280],[155,51],[408,-183],[76,287],[181,137],[233,-194],[163,-52],[43,69],[760,-40],[178,-61],[90,-173],[120,-26],[80,-128]],[[72280,76146],[2,-91],[-257,-144],[-258,-237],[-67,-170],[-150,-48],[-211,-6],[-95,-307],[-169,-84],[-80,174],[-161,-90],[-165,-180],[-116,-54],[-22,-252],[-78,-90]],[[62925,68603],[104,254],[58,244],[155,78],[85,-65]],[[63327,69114],[-3,-211],[60,-367],[72,-252]],[[55712,75963],[-22,202],[-117,186]],[[6294,52911],[26,-71],[-48,32],[22,39]],[[59796,55006],[133,-85],[5,-309],[88,-206],[229,-22],[328,-440],[391,-111],[97,228],[256,243],[127,-190],[184,20]],[[61536,50866],[-40,-99],[-109,-48],[-27,-184],[-71,-155],[-117,-86],[-29,-324],[-174,-707],[-75,-123]],[[64581,75910],[-9,184],[38,380],[-209,87],[-64,142],[-89,9],[2,178],[-131,409],[-139,77],[22,172],[125,2],[50,203],[105,217],[309,24],[68,100],[100,357],[10,275],[-71,164],[-120,21],[-82,-87],[-281,156],[-210,-133],[-117,-141],[-181,-67],[-32,-105]],[[74256,80118],[-159,-45],[-56,-276],[-222,-83],[-63,-270],[37,-381],[-242,-244],[-33,81],[-181,-1],[-229,125],[-52,-88],[-125,-504],[-63,-368],[42,-229],[-243,108],[-429,-175],[110,-150],[-28,-374],[120,-539],[-173,-286],[13,-273]],[[60770,71066],[103,-719]],[[59708,68751],[6,116]],[[59714,68867],[56,558],[74,351],[3,200]],[[59847,69976],[30,165],[-2,363]],[[59875,70504],[65,195]],[[89950,77256],[271,-102],[84,-101],[68,-339],[-199,-132],[-183,-38],[-150,-267],[-54,-241],[-202,149],[-183,185],[-123,-19],[-117,-118],[-77,123],[-109,-127],[232,-305],[-137,6],[-76,-171],[-108,33],[31,194],[-80,273],[20,151],[92,84],[155,242],[143,-9],[28,255],[69,217],[38,402],[-55,253],[98,204],[213,-398],[162,-243],[149,-161]],[[86437,71199],[113,29],[87,-230],[22,-236],[-68,-145],[-109,-684],[-67,-86],[-141,-44],[-108,65],[34,178],[-36,282],[124,304],[-72,273],[-57,-139],[-165,222],[22,74],[196,155],[33,116],[130,21],[62,-155]],[[87321,71576],[77,-18],[29,-234],[-101,-122],[-54,-208],[-153,152],[-96,-87],[-86,-298],[-134,43],[5,217],[-41,126],[77,102],[40,174],[97,-37],[124,52],[35,127],[102,69],[79,-58]],[[89229,75675],[48,-159],[17,-280],[93,-184],[50,-258],[-21,-422],[-67,-78],[-53,-329],[-100,-38],[-50,-224],[30,-278],[-19,-268],[-95,-287],[-1,-256],[70,-193],[-116,-123],[-11,-140],[-172,-179],[-41,261],[-111,-76],[-75,-334],[-112,224],[-108,-283],[-362,121],[-98,-73],[89,-204],[-145,-85],[-115,-355],[-129,-4],[-77,198],[-21,225],[79,122],[-179,153],[-148,-39],[-66,-98],[-230,-130],[-251,-43],[-41,-214],[-97,113],[-229,-44],[24,240],[97,12],[140,180],[296,452],[126,-30],[233,47],[267,119],[42,-127],[98,-13],[115,152],[-24,128],[192,433],[179,17],[47,104],[224,154],[157,360],[144,172],[111,426],[68,335],[-39,322],[5,332],[99,142],[233,21],[30,283]],[[28538,62475],[98,-39],[155,-137],[-48,-165],[-91,62],[-142,-81],[-113,26],[-124,328],[95,43],[170,-37]],[[52903,78839],[159,-40],[61,103],[253,-23],[65,-134],[364,-105]],[[53811,78103],[-143,106],[-49,-78],[-210,-110],[-14,-118],[83,-157],[-76,-142],[41,-287],[82,-132],[242,-244],[124,-508],[238,-367],[84,-68],[221,3],[13,-290],[303,-215],[237,-235],[147,-317],[-113,-96],[-59,197],[-260,103],[-111,-345],[19,-127],[143,-149],[17,-220],[-171,-163],[-4,-176],[-135,-270],[-93,-1],[69,445],[63,27],[-49,343],[-91,366],[-207,144],[-51,247],[-85,-20],[-99,112],[-103,235],[-179,5],[-127,130],[-276,471],[-130,142],[-128,231],[-184,625],[-210,172],[-146,59],[-190,-289],[-163,-88]],[[52081,77054],[44,154],[-190,142],[17,251],[-111,231],[146,163],[-97,238],[60,65]],[[54326,73859],[-132,-439],[54,-256],[-51,-188],[-169,64],[-100,176],[-66,-2],[-408,414],[254,208],[92,-104],[229,26],[94,73],[203,28]],[[52675,75392],[48,-220],[-67,-768],[-141,42],[-48,-188],[-129,169],[15,626],[-79,206],[304,317],[97,-184]],[[59955,71091],[-7,-31]],[[59875,70504],[-100,80],[-66,-216],[-1,-321],[42,-136],[97,65]],[[59714,68867],[-19,-44]],[[59695,68823],[-183,997]],[[59512,69820],[64,217]],[[59576,70037],[56,179],[120,684]],[[59512,69820],[-13,66]],[[59499,69886],[77,151]],[[48272,83000],[53,-669],[-148,-426],[-268,-52],[-39,-68],[-319,-228],[-134,-50],[-79,110],[-221,104],[117,154],[103,244],[79,310],[-137,171],[-56,508],[381,40],[-39,193],[136,268],[286,119],[7,-150]],[[62434,73238],[74,-355],[92,-294],[100,-103],[124,-9],[-55,-171],[45,-229],[-126,-189],[-67,-221],[-11,-256],[272,-600],[207,-266],[69,-25],[127,-363],[-41,-227],[0,-229],[92,-7],[1,-302],[88,-104],[59,-186]],[[63484,69102],[-157,12]],[[67017,72361],[-51,-440],[-98,-195],[-67,-244],[7,-262],[113,-77],[-99,-212],[74,-512],[7,-441],[224,-58],[35,-317],[-262,-561]],[[67107,66360],[-49,-58],[-208,104],[-335,115],[-114,-37],[-69,79],[-278,57],[-128,79],[-64,335],[-34,307],[-47,106],[-127,64],[-196,-128],[-210,-243],[-70,-27],[-110,108],[-150,17],[-70,125],[-212,219],[-60,169],[-124,119],[-101,12],[-108,165],[-60,343],[-107,242],[-7,158],[-185,454],[-119,-104],[-178,213],[1,-160],[-104,-91]],[[62449,74683],[184,-371],[176,-74]],[[62809,74238],[104,16]],[[62913,74254],[357,428],[62,20],[68,-406],[-61,-92],[158,-235],[77,14]],[[63574,73983],[59,-443],[108,-98],[183,-52],[112,-226],[163,-156],[179,-74],[119,4],[328,142],[179,49],[-28,225]],[[84740,46363],[-178,-366],[-158,-113],[-74,217],[33,203],[91,158]],[[84567,46549],[133,142]],[[89159,46590],[-289,586],[-153,-51],[-147,26],[65,321],[-95,194],[-41,181],[74,45],[-119,297],[-52,377],[-136,249],[-187,191],[-130,61],[-178,166],[-218,46],[-143,214],[-148,163],[-48,-13],[-89,262],[-112,-402],[-78,-19],[-60,225],[0,236],[-112,184],[-33,170],[137,-63],[130,202],[116,-63],[82,90],[5,167],[-121,-71],[-146,-27],[-182,17],[-79,145],[-26,248],[-176,96],[-11,310],[152,87],[90,144],[138,55],[236,-212],[139,-10],[79,-357],[-42,-206],[14,-273],[245,-655],[124,-7],[210,439],[41,178],[126,44],[91,99],[-13,106],[190,206],[234,-177],[317,-321],[231,-56],[97,-95]],[[82659,54245],[42,-215],[-27,-93],[-129,-25],[124,-304],[126,-430],[-56,-202],[60,-153],[155,-221],[97,-194],[-126,-97],[-94,35],[-125,-83],[-62,-285],[-16,-322],[27,-257],[-89,-90],[-66,-151],[-125,-164],[-36,-334],[39,-142],[-52,-160],[-13,-187],[-104,-399],[-350,-331],[-44,389],[-126,124],[-80,-102],[-75,156],[-154,-1],[-103,-123],[-88,46],[-128,-122],[0,274],[-126,71],[-90,-71],[-131,95],[-95,-19],[-43,563],[-32,49],[16,267],[-64,223],[-93,82],[-81,216],[27,303],[-87,186],[-11,253],[47,404],[84,246],[70,61]],[[82745,54254],[-66,-10]],[[77077,52687],[126,-283],[-16,-199],[-131,183],[-44,275],[65,24]],[[77545,50818],[-81,66],[-75,269],[74,162],[110,-410],[-28,-87]],[[82399,46881],[-73,-182],[-83,106],[-5,177],[95,135],[92,-106],[-26,-130]],[[82068,47145],[71,-145],[-103,-120],[-27,-105],[-109,212],[-64,29],[-38,150],[270,-21]],[[79456,50881],[89,-458],[87,-138],[-36,-202],[-153,132],[-59,371],[-181,80],[125,297],[91,13],[37,-95]],[[84216,49221],[-35,-114],[-19,-371],[-48,-160],[-63,73],[50,192],[24,341],[91,39]],[[84067,48807],[-69,115],[-7,175],[92,85],[16,-181],[-32,-194]],[[80087,53968],[-87,203],[55,91],[53,-123],[-21,-171]],[[80057,50116],[-165,-122],[15,370],[113,-17],[37,-231]],[[87606,51467],[141,-42],[108,-196],[-47,-87],[-76,56],[-126,269]],[[87631,50926],[202,-37],[-3,-117],[-199,154]],[[86336,51840],[129,-84],[-50,-104],[-113,20],[34,168]],[[85681,53025],[-66,141],[107,173],[6,-215],[-47,-99]],[[85597,50886],[-164,-39],[-29,158],[79,54],[114,-173]],[[84713,50860],[-38,-109],[-115,-63],[-11,183],[164,-11]],[[86478,47235],[-66,77],[48,227],[84,193],[36,-174],[-102,-323]],[[85222,47426],[-92,-163],[-174,77],[212,141],[54,-55]],[[84603,47153],[153,-37],[-8,-85],[-181,-53],[36,175]],[[86389,51085],[-61,34],[-31,171],[112,-5],[-20,-200]],[[76803,54855],[97,26],[196,-40],[100,-187],[94,-268],[17,-186],[396,-524],[201,-533],[63,-79],[101,79],[119,-325],[86,-41],[103,-209],[87,-276],[105,-37],[61,-129],[114,-7],[86,-249],[-100,-138],[1,-197],[81,-203],[177,-88],[58,-508],[77,-99],[-49,-169],[202,4],[52,-65],[128,-354],[-56,-292],[24,-154],[-27,-162],[15,-488],[-19,-384],[-55,-71],[-75,144],[-75,-113],[-122,130],[-11,-222],[-214,476],[-253,350],[-106,184],[-114,318],[-153,249],[-127,334],[-75,256],[2,120],[-103,366],[-49,272],[-125,296],[-73,240],[-122,143],[-100,659],[-65,234],[-240,263],[-30,281],[-56,74],[-117,346],[-146,139],[-263,544],[-80,301],[52,199],[124,-66],[81,-127],[100,-37]],[[84106,46882],[-192,-77],[-123,-88],[-171,-22],[-135,77],[-206,60],[31,146],[192,118],[232,-195],[145,71],[82,-98],[95,129],[50,-121]],[[83336,46442],[77,-157],[59,-15],[92,-209],[-110,-148],[-81,54],[-151,246],[-144,38],[28,186],[230,5]],[[82844,47051],[207,-11],[5,-237],[-226,-53],[-314,-149],[-76,54],[13,273],[92,95],[112,-34],[66,-164],[119,68],[-116,144],[84,127],[34,-113]],[[84691,52416],[-129,-302],[-187,-95],[-135,12],[-51,91],[-345,-28],[-115,34],[-115,-31],[-87,42],[-98,-38],[-61,-162],[-32,-209],[24,-262],[116,-224],[42,-191],[102,-21],[135,318],[125,-45],[86,102],[169,1],[78,106],[58,-45],[0,-205],[-91,76],[-68,-54],[-83,-220],[-219,-296],[-103,-48],[139,-222],[153,-501],[-41,-242],[174,-281],[5,-139],[-191,-84],[-81,-203],[-91,51],[-29,103],[37,281],[-196,309],[39,224],[0,240],[-111,48],[-111,-222],[51,-377],[-21,-218],[16,-306],[-39,-305],[9,-228],[-165,-87],[-95,155],[66,577],[3,224],[-57,322],[-118,-36],[-50,219],[-8,226],[85,162],[64,319],[-3,300],[55,289],[73,244],[-14,228],[25,188],[127,422],[69,-88],[110,271],[147,-43],[42,-84],[234,-29],[127,-97],[107,45],[158,-52],[119,106],[198,391],[68,-114],[-95,-292]],[[79825,48382],[82,-120],[174,-28],[106,-303],[486,-90],[86,273],[66,21],[50,-134],[108,12],[152,-141],[125,-19],[71,-361],[126,-95],[228,49],[104,-152],[-16,-293],[55,-210],[-370,278],[-159,-70],[-325,60],[-251,89],[-158,149],[-210,107],[-150,22],[-80,-75],[-149,42],[-175,146],[-182,32],[-31,208],[-160,113],[-128,44],[107,383],[57,117],[209,-106],[61,112],[91,-60]],[[85480,52331],[119,179],[74,207],[73,31],[4,-268],[-112,-132],[109,-298],[-197,64],[-27,-100],[45,-578],[-99,267],[5,306],[-43,116],[-37,439],[58,341],[106,-82],[0,-213],[-100,-183],[22,-96]],[[86042,50192],[174,-71],[133,-335],[-15,-166],[-218,221],[-49,85],[-105,-73],[-139,74],[-152,-52],[-93,133],[32,184],[341,43],[91,-43]],[[85238,50064],[102,-175],[1,-139],[-151,-110],[-131,126],[-52,250],[146,61],[85,-13]],[[87429,48555],[2,-267],[-87,-94],[-39,187],[11,171],[77,158],[36,-155]],[[87370,48132],[-50,-215],[-82,26],[30,342],[102,-153]],[[88481,47077],[-66,-76],[-170,82],[90,358],[80,117],[131,27],[61,-176],[-56,-209],[-70,-123]],[[78618,52273],[-135,49],[2,172],[133,-221]],[[79051,52543],[-3,-221],[-90,105],[93,116]],[[81623,47750],[-104,-65],[-197,45],[29,138],[308,15],[-36,-133]],[[86208,50869],[-29,-206],[-71,166],[100,40]],[[76795,53202],[-182,170],[-1,150],[170,-231],[13,-89]],[[84423,47077],[-143,-181],[-24,85],[125,144],[42,-48]],[[71402,72067],[208,223]],[[71610,72290],[59,-142],[75,-343],[182,-174],[-51,-153],[14,-338],[86,-158],[30,-418],[-84,-82],[-60,138],[-87,-45],[96,-323],[16,-383],[87,63],[128,-262],[63,11],[111,-120],[0,-110],[136,-88],[91,-145]],[[74474,67897],[142,128],[63,-129],[-27,-200],[39,-118]],[[74691,67578],[-9,-205],[252,-149],[161,108],[110,-68],[349,48],[24,251],[-136,154],[11,116]],[[75453,67833],[96,-17],[190,126],[11,114],[116,147],[24,109],[193,122],[200,294],[41,-79],[181,-70],[26,88],[145,138],[111,-228],[46,-340],[200,-140]],[[77033,68097],[4,-161],[-121,-170],[-65,-175],[-168,-70],[-43,-99],[-216,-258],[1,-321],[-39,-156],[-103,-207],[24,-208],[-115,-419],[-46,-257],[-228,84],[30,-196],[-14,-316],[-80,-239],[24,-206],[-55,-205],[-109,-15]],[[75714,64503],[-23,407],[-36,141],[-32,434],[-85,-103],[-89,-302],[-84,72],[-43,320],[57,249],[142,59],[52,103],[52,300],[-56,158],[-448,-7],[-173,85],[2,367],[-148,55],[-50,95],[-186,96],[-99,-277],[102,-181],[88,-48],[34,-171],[-121,-3],[-86,-405],[163,-147],[-46,-320],[48,-137],[87,-774]],[[74736,64569],[0,-253],[-222,-18],[-85,117],[-75,-99],[-160,-88],[-67,-152],[32,-309],[-62,-223],[-131,-227],[-196,-131],[-97,-106],[-126,-220],[-185,-480],[-125,-128],[-127,-266],[-233,-295],[-28,-309],[-138,-133],[-145,-38],[-73,-291],[-92,79],[-98,-106],[-67,-367],[31,-286],[-14,-211],[36,-252],[-50,-97],[78,-141],[-32,-386],[-103,-404],[-29,-239],[26,-218],[-2,-503],[-125,-10],[-109,-359],[-5,-238],[-155,-95],[-64,-123],[-36,-292],[-151,-176],[-153,190],[-115,285],[-63,316],[37,49],[-31,222],[-118,497],[-55,332],[-147,401],[-118,588],[-28,340],[-80,476],[-120,334],[-5,186],[-127,378],[-38,234],[-51,669],[-79,612],[-16,354],[-40,307],[59,422],[-19,319],[-33,35],[-42,299],[13,335],[-71,-5],[-82,-258],[60,-168],[-66,-216],[-276,-240],[-84,1],[-165,204],[-311,635],[325,216],[21,230],[-163,-122],[-119,51],[-166,197],[-132,384]],[[75756,58488],[-53,194],[45,197],[45,658],[60,-61],[-52,-178],[29,-233],[-68,-314],[-6,-263]],[[45682,89993],[223,-103],[-5,-170],[317,-154],[13,-242],[-271,-358],[-421,-193],[-161,-142],[-326,-87],[-233,-177],[-429,86],[-291,219],[-378,-57],[215,212],[-33,179],[-204,294],[189,269],[-249,50],[-277,-99],[-90,46],[193,390],[306,153],[312,-319],[20,-263],[243,172],[0,181],[439,78],[563,-21],[58,181],[154,39],[123,-164]],[[55251,78301],[-130,-95],[-132,2],[-181,130],[-221,290]],[[54470,78838],[100,82],[-5,208],[87,184],[88,12],[23,172]],[[25739,59319],[-42,215],[-90,27]],[[25607,59561],[27,238],[-121,101],[-100,-5],[-151,202],[-85,50]],[[25177,60147],[53,110],[-14,149],[68,159],[208,338]],[[25492,60903],[169,104],[198,-85],[153,12],[159,127],[83,-60],[142,52],[198,-96],[139,-347],[109,11],[58,-142]],[[30061,63201],[34,-338],[-24,-230],[-71,-77],[66,-148],[-2,-174]],[[30064,62234],[-81,109],[-227,-44],[-141,57],[-139,-121],[-148,176],[53,182],[177,-81],[222,-50],[123,138],[-129,229],[30,212],[-97,98],[-18,169],[134,-2],[116,-90],[122,-15]],[[33328,56767],[227,-273],[159,-305],[41,-292],[138,-145],[220,-397],[-1,-316]],[[34310,52961],[-98,-35],[-79,77],[-132,-179],[-207,-67],[-48,-174],[-97,-47],[-102,99],[-146,302],[0,216],[-66,239],[45,380],[-7,137],[85,199],[-79,313],[-77,20],[34,330],[-42,89],[-167,-21]],[[46186,59143],[-1,-540],[-148,-44],[-116,-87],[-100,-327]],[[45821,58145],[-97,159],[-31,292],[-176,111],[-160,252]],[[46307,57055],[-113,462],[-202,229],[-97,394],[-74,5]],[[47780,57697],[-41,-81],[0,-304],[67,-46],[-15,-362],[35,-184],[-115,-7],[62,-179],[-60,-338],[-71,1]],[[25233,62105],[-21,-1107],[95,-2]],[[25307,60996],[185,-93]],[[25177,60147],[-142,-214],[-62,-178]],[[24973,59755],[-142,111],[-150,-2],[-187,175],[-115,182]],[[32856,58762],[1,100],[30,22],[-6,-98],[-25,-24]],[[57232,75303],[-50,67],[-209,87],[-87,-79],[-113,32],[-141,-212],[-59,-185],[-98,-4],[-190,161],[-10,-265],[91,-235],[13,-344],[-53,-133],[133,-80],[198,-223],[24,-325],[-131,173],[-108,-30],[-9,-360],[-110,35],[86,-357],[-129,3],[-34,-122],[-113,266],[-52,-168],[-86,198],[-4,265],[-118,217],[72,160],[117,76],[271,-200],[89,53],[-194,211],[-264,-68],[-100,37],[-93,243],[1,116],[-133,183],[-84,221]],[[55555,74717],[183,235],[103,311],[-18,111]],[[56365,75654],[200,29],[117,81],[332,-164],[251,111],[46,162]],[[56504,74284],[190,-165],[-95,-156],[-141,231],[46,90]],[[57336,74498],[16,-206],[-156,96],[140,110]],[[56625,72312],[87,35],[41,-134],[113,36],[210,-69],[75,-94],[-263,-120],[-93,130],[-251,78],[81,138]],[[50329,55350],[-66,-160],[-191,-31],[-169,-148],[-125,-158],[-234,-141],[-101,-126],[-110,96],[-198,92]],[[49135,54774],[7,23]],[[49142,54797],[19,1]],[[49161,54798],[62,31],[0,239],[-46,25],[-67,406],[-9,265],[69,229],[55,419],[78,159],[-26,341],[-40,178],[14,214]],[[49251,57304],[-20,102],[-6,428],[-35,110],[23,234],[592,-5],[111,102],[64,-29]],[[52115,79258],[-9,271],[71,330],[82,194],[-190,103],[-199,5],[-108,168]],[[51699,80714],[68,113],[-103,250]],[[51999,82535],[24,230],[201,5],[147,-77],[100,161],[17,405],[-80,210]],[[52408,83469],[297,-45]],[[52705,83424],[172,-223],[289,-284],[198,129],[129,172],[126,-33],[232,-321],[109,-71]],[[54113,81139],[-122,23],[-532,-316],[-49,-97],[31,-255],[67,-160],[329,-400]],[[53837,79934],[-113,-215],[-165,-134],[39,-156],[-75,-127],[-269,-50],[-116,-91],[-241,67],[-33,-131],[-156,151],[-63,-30]],[[53948,82874],[-1,46]],[[61530,75758],[70,261],[-76,397],[-181,233],[-87,33],[-152,172]],[[62897,75973],[-69,-134],[121,-181],[-45,-157],[-327,218],[-77,-91]],[[62500,75628],[-434,-106]],[[45343,59368],[-17,160],[73,141]],[[53692,53088],[-36,-296],[31,-235],[160,103],[92,-28],[70,-322],[-96,-158],[-57,-199],[-7,-228],[59,-38],[114,-201],[-20,-203],[13,-254],[-20,-275],[-82,-332],[-56,0],[-29,174],[-88,-133],[-132,47],[-55,220],[-100,1],[4,-231],[-106,-47],[-136,9],[-11,-253],[62,-85],[49,-193],[-69,-209],[-51,93],[-104,-228]],[[53091,49587],[-217,520],[-164,285],[-137,399],[18,168],[-74,136],[-67,340],[87,77],[45,128],[82,797]],[[52664,52437],[484,-19],[-2,673]],[[53146,53091],[6,76],[520,-25],[20,-54]],[[52081,77054],[-15,-10]],[[52049,77034],[-246,-324],[-105,-56],[-197,90],[-96,124],[-120,-33],[-160,119],[-220,-231],[-58,-160],[45,-279]],[[50473,76326],[-77,53]],[[49501,76847],[86,90],[67,574],[49,717],[-22,292],[-178,117],[-76,170],[12,131],[-317,378],[-206,83],[-114,-9],[-88,152],[65,162],[-91,99],[414,174],[150,-175],[68,64],[280,-4],[-40,323],[-76,277],[166,-2],[33,-168],[271,-53],[123,96],[-26,138],[294,170],[85,171],[8,256],[93,145],[170,61]],[[50701,81276],[94,-219]],[[50795,81057],[44,29]],[[50839,81086],[37,-10]],[[50876,81076],[33,-125],[250,-165],[1,-164],[133,24],[59,-124],[177,-159],[79,15]],[[52633,76500],[19,-389],[-101,-429],[-105,117],[-26,554],[213,147]],[[62549,44368],[-30,46],[18,108],[24,-25],[-12,-129]],[[65499,39550],[-121,38],[-14,213],[97,-1],[38,-250]],[[33103,60192],[-65,-16],[-44,194],[84,-39],[25,-139]],[[32964,61192],[-54,-1],[-2,118],[34,20],[22,-137]],[[34956,54930],[86,243],[109,-126],[154,-79],[169,-279],[104,-240],[74,-267]],[[35652,54182],[-94,-207],[-197,-771],[-74,-104],[-223,99],[-100,-135],[-136,119]],[[34370,78823],[-33,132],[27,2],[-7,-67],[13,-67]],[[543,43595],[-32,3],[5,40],[27,-43]],[[32497,62251],[-32,0]],[[32465,62251],[17,27],[15,-27]],[[32546,62140],[-9,24],[18,-5],[-9,-19]],[[8522,41653],[-72,-26],[-9,117],[65,5],[16,-96]],[[95611,40180],[65,-21],[210,-280],[130,-287],[178,-213],[178,-261],[-47,-165],[-166,165],[-22,77],[-237,248],[-219,401],[-79,201],[9,135]],[[69217,23554],[100,-84],[216,113],[-7,-211],[-106,44],[-84,-174],[-206,119],[-28,218],[115,-25]],[[55552,86607],[75,-52],[-143,-93],[-16,97],[84,48]],[[57721,86714],[-154,1],[-441,-118],[-139,-80],[-398,-132],[-258,64],[-60,163],[-317,136],[-21,214],[68,360],[-97,229],[27,135],[-69,230],[316,469],[279,264],[286,357],[78,164],[226,120],[-7,271],[-331,188]],[[99999,42529],[-70,-160],[50,-172],[-256,-90],[-56,155],[207,220],[125,56],[0,-9]],[[99521,41836],[87,-161],[21,-248],[-141,-97],[-87,-3],[-146,102],[-16,124],[98,231],[184,52]],[[60145,60055],[139,9],[65,105],[87,-176],[87,405],[172,-246],[158,117],[35,-86],[92,33],[192,-61],[152,-165],[165,-371],[112,-182],[52,-174],[118,-239]],[[61771,59024],[-170,-506],[9,-350],[44,-23],[167,81],[101,-47]],[[56756,85178],[57,279],[-211,4],[-72,171],[-4,309],[246,160],[295,28],[18,68],[407,-109],[289,20]],[[56282,85611],[188,-80],[-317,-212],[-20,209],[149,83]],[[60724,62214],[84,-333],[64,-402],[44,-465],[57,-224],[100,-36],[94,-263],[270,-227],[134,-367],[163,-227],[153,-417],[89,-90]],[[61976,59163],[-124,-191],[-81,52]],[[52664,52437],[-57,62],[117,454],[-2,217]],[[52722,53170],[50,-79],[374,0]],[[52426,54008],[59,-76],[-68,-232],[-63,23],[72,285]],[[25607,59561],[-32,-126],[-162,2],[-213,169],[-146,48],[-81,101]],[[56986,70077],[64,-82],[142,62],[376,-140],[200,-161],[152,-27],[155,-127],[144,104],[224,257],[84,-31],[137,106],[253,-285],[61,94],[78,-108],[146,58],[149,-22],[148,111]],[[59695,68823],[-47,-119],[-93,-723],[-50,-145],[-128,163],[-142,300],[-48,291],[-98,258],[-44,-78],[19,-227],[74,-246],[180,-384],[1,-168],[95,-321],[18,-231],[169,-551],[175,-701],[119,-235],[-28,-360],[48,-286],[148,-182],[178,-364]],[[27687,49891],[112,172],[54,294],[-111,29],[-90,-56],[-142,252],[54,64],[-9,400],[-28,175],[97,133],[20,276],[96,209],[31,240],[-18,216],[96,112],[234,130],[11,144]],[[28094,52681],[152,-236],[235,-236],[12,-122],[140,-90],[118,-19],[51,123],[120,-171],[165,-149]],[[24646,51857],[132,-448],[-30,-108],[-129,-44],[-24,125],[87,102],[-63,193],[27,180]],[[30061,63201],[62,102],[167,11],[229,-160],[48,20],[61,-214],[115,-57],[178,-171],[90,-211],[-83,-182],[-77,107],[-232,21],[-115,-111],[-128,49],[-106,-36],[-102,-362],[-104,227]],[[32977,60627],[-55,159],[44,34],[11,-193]],[[61976,59163],[82,-299],[-39,-127],[-131,-132],[124,-138]],[[41679,99979],[1113,-159],[410,-237],[820,-162],[-1008,-343],[1058,39],[54,-215],[1088,-153],[465,233],[934,-107],[184,-129],[-826,-381],[-627,-109],[-30,-216],[-711,34],[-197,-262],[237,-69],[58,-306],[-522,-344],[25,-370],[176,-313],[525,-89],[-47,-251],[-676,62],[-259,-180],[85,-161],[407,-43],[165,-266],[23,-304],[-294,48],[350,-481],[-40,-112],[-489,-100],[212,-151],[-40,-205],[-465,-128],[41,-203],[-71,-460],[-493,218],[-166,-35],[737,-431],[72,-121],[64,-549],[-501,-43],[-129,60],[-163,340],[-355,221],[-24,-199],[-271,-134],[-270,24],[-236,-297],[146,-43],[352,42],[164,-132],[174,62],[655,-138],[23,-133],[-172,-148],[-510,-335],[-221,-197],[-808,-233],[-172,8],[-309,-145],[-321,187],[-39,-266],[-245,-171],[-262,-519],[-148,-168],[-485,-347],[-382,-137],[-613,-22],[107,-124],[-300,-245],[132,-251],[-167,-148],[65,-286],[-139,-122],[-16,-138],[-291,-407],[-46,-239],[58,-170],[-85,-185],[-83,-443],[-122,-250],[-46,-234],[-207,-2],[-365,161],[-58,182],[-127,55],[10,278],[-240,-162],[-256,7],[-313,259],[-102,180],[-73,370],[-213,138],[-5,205],[-314,469],[5,151],[-179,295],[-46,425],[-235,474],[-141,102],[-6,149],[166,238],[-235,178],[129,253],[-44,151],[118,214],[31,232],[498,74],[48,271],[160,418],[-488,71],[-213,140],[-275,69],[-42,230],[489,-77],[244,-143],[110,307],[-552,196],[-100,189],[-337,-157],[-251,107],[77,321],[-79,197],[225,109],[15,133],[-259,78],[103,146],[-224,171],[49,194],[-216,187],[-26,260],[-501,411],[24,175],[-742,270],[-625,105],[-941,-214],[-368,57],[-340,153],[34,204],[-428,105],[-19,176],[523,12],[234,106],[467,8],[-66,166],[-739,-124],[-638,250],[-325,169],[118,179],[945,203],[420,150],[420,9],[152,119],[175,381],[-570,43],[-42,194],[689,339],[423,119],[432,-43],[65,354],[690,199],[1109,149],[542,-17],[522,-246],[334,45],[-360,281],[591,-32],[992,-332],[292,311],[-622,336],[912,175],[2836,198],[842,-20]],[[35352,92133],[191,-79],[-19,-183],[-407,-134],[-57,144],[-284,71],[-7,306],[127,90],[277,-55],[179,-160]],[[42935,92696],[8,-155],[-693,-114],[53,255],[203,-20],[322,104],[107,-70]],[[44999,95280],[116,-239],[-302,5],[-51,183],[237,51]],[[48158,87688],[-107,-77],[-44,110],[151,-33]],[[52408,83469],[-15,297],[-135,104],[9,580],[127,291],[259,70],[114,200],[159,-76],[-67,-259],[-3,-218],[156,-57],[3,-130],[-149,-48],[-38,-200],[-164,-214],[41,-385]],[[53491,83977],[-98,-184],[-46,-375],[-110,214],[-102,10],[-86,298],[345,229],[97,-192]],[[52956,83876],[39,-275],[-221,18],[-35,203],[217,54]],[[54709,79837],[-132,116],[-117,-26],[-302,132],[-78,-221],[-178,1],[-65,95]],[[59445,72041],[-133,-15],[-39,72],[-187,4]],[[59086,72102],[64,127],[278,-57],[17,-131]],[[59445,72041],[-295,-281],[-137,88],[-37,129],[110,125]],[[27267,65185],[183,-59],[147,25],[160,-93],[110,-115],[112,-193],[163,-23],[229,-269],[102,-17],[236,-338],[257,-100],[22,-217],[211,-48],[175,-329],[-106,-12],[-134,-90],[-121,-6],[-168,56],[-433,-77],[140,256],[-5,198],[-213,41],[-137,195],[-41,266],[-52,60],[-125,-33],[-266,179],[-74,110],[-129,-6],[-237,85],[-24,276],[-232,5],[-178,-268],[-145,-31],[-36,-130],[-82,75],[-10,176],[88,165],[219,174],[321,128],[73,-16]],[[27066,64269],[-81,-74],[-64,200],[102,57],[43,-183]],[[55279,77689],[-63,45]],[[55216,77734],[-178,99]],[[55038,77833],[-91,-24],[-356,80],[-83,-109]],[[54508,77780],[-123,87],[-14,-238],[109,-168],[23,-149],[392,-675],[-11,-60]],[[54884,76577],[-189,261],[-267,152],[-123,146],[-105,200],[41,73],[-104,186],[-11,216],[-130,150],[-117,-291],[-94,157],[-14,235]],[[55143,76286],[-236,267]],[[54907,76553],[189,-179]],[[55096,76374],[25,-15]],[[48465,57848],[118,-106],[36,-179],[96,-125],[207,104],[182,1],[113,-271],[34,32]],[[49161,54798],[-283,57],[-424,-81],[-97,-45],[-259,-195],[-194,-185]],[[49135,54774],[7,23]],[[26978,56492],[-68,162],[-11,136],[-159,15],[27,242],[-72,139],[-212,213],[-15,146],[-111,-183],[-56,132],[-86,53],[-57,285],[45,200],[-21,183]],[[26766,58131],[54,-260],[186,-458],[59,-54]],[[56657,45580],[-37,-82],[-121,22],[-67,-57],[-166,11],[-78,-80],[7,460],[-30,205],[-106,329],[25,447],[-35,477],[-8,322],[-317,16],[-35,209],[-169,-41],[-96,-91],[-52,-473],[-191,17],[-206,-76],[-104,-4],[-154,471],[-67,368],[-7,217],[-112,217],[-532,-16],[-369,16]],[[53630,48464],[-183,-70],[-55,131]],[[53392,48525],[81,37],[5,315],[85,237],[68,59]],[[53631,49173],[95,-117],[146,203],[116,107],[14,-306],[83,-29],[248,490],[75,55],[77,271],[19,250],[0,491],[90,195],[94,353],[111,131],[132,259],[-8,157],[45,294],[4,510],[44,240],[3,275],[117,525],[33,319]],[[55169,53846],[-12,449],[139,365],[120,136],[85,-22],[117,-149],[92,-212],[272,-125],[103,5],[143,-68],[92,294],[101,52],[83,-42],[251,190],[124,-36],[134,54],[77,166],[360,-144],[81,78],[80,-51]],[[58059,50276],[58,-192],[0,-494],[50,-310]],[[53692,53088],[331,-4],[116,-82],[233,-56],[88,-138],[35,342]],[[54495,53150],[79,324],[8,217],[49,188],[212,86],[201,-106],[87,71],[38,-84]],[[53631,49173],[-53,109],[-138,-100],[-102,-222]],[[53338,48960],[-67,253],[-180,374]],[[62073,44987],[-66,86],[42,79],[24,-165]],[[31423,52547],[-60,-7],[1,233],[-73,271],[-41,13],[-88,-183],[-100,-41],[-465,-6],[-1,-374],[137,3],[55,-116],[-248,-164],[-4,-413],[112,-198],[74,-411],[-75,-848],[-82,-903]],[[28094,52681],[-46,97],[65,130],[60,-44],[-11,307],[138,105],[125,225],[118,407],[22,159],[-73,115],[39,381],[-32,400],[43,209],[-62,229],[31,188],[-150,418]],[[28507,56830],[145,-327],[22,127],[-32,178],[170,213],[39,159],[138,106],[13,313],[-22,117],[62,239],[168,287],[108,-69],[110,202],[207,-26],[164,240],[124,102],[39,173],[117,133],[126,-49],[34,-166],[-50,-106]],[[78093,64266],[-84,51],[-84,-114],[-88,3],[-81,206],[-2,120],[-201,56],[40,214],[1,345],[-133,55],[-8,249],[-42,125],[23,158],[-154,-3],[-146,-122],[-5,277],[-38,65],[80,438],[53,23],[179,360],[22,384],[-23,569],[-98,-13],[-55,342],[-156,212],[-60,-169]],[[75453,67833],[-8,111],[-348,74],[-103,133],[-123,-117],[-164,-371],[-16,-85]],[[71610,72290],[-98,-12],[-189,107]],[[70705,73169],[97,120]],[[84544,74886],[-71,-94],[-210,-44],[-282,-229],[-190,-289],[37,309],[-74,137],[210,520],[-115,173],[-190,34],[-193,-386],[-247,-189],[-102,-285],[-87,-139],[-170,-57],[-143,38],[-63,-293],[127,-254],[257,-81],[41,-197],[-37,-213],[138,-119],[255,332],[106,76],[247,-215],[267,-19],[-23,-277],[-49,-66],[-114,74],[-262,-209],[-165,-313],[-94,-111],[-174,-322],[-59,-167],[102,-248],[171,-148],[85,-396],[101,-358],[-4,-204],[152,-167],[0,-95],[120,-177],[-43,-108],[-91,84],[-82,-80],[168,-230],[60,-232],[-97,-44],[-147,-163],[45,-147],[75,-44],[143,-191],[-8,-438],[-55,70],[-32,-512],[-140,-44],[-142,-409],[-14,-151],[-72,-127],[-111,-440],[-116,-161],[52,-78],[-30,-189],[-143,-212],[-33,-169],[-96,-201],[-132,27],[-8,-220],[-119,-236],[-45,3],[-258,-381],[-19,-135],[-270,-131],[-84,57],[-95,-115],[-163,-44]],[[81740,64827],[-70,-17]],[[81670,64810],[-110,202],[-26,-355]],[[81534,64657],[-9,-2],[-4,-27]],[[81521,64628],[-131,-44],[-117,-197],[-178,42],[-95,-168],[-231,-99],[-160,-201],[-4,-103],[92,-196],[-108,-147],[-128,377],[75,324],[-108,33],[-110,-65],[-33,116],[-196,39],[-97,-107]],[[80802,63359],[34,-194],[-53,-56],[-69,-223],[-34,-244],[-259,-305],[-227,183],[-18,214],[16,248],[135,194],[11,97],[264,121],[200,-35]],[[81534,64657],[-13,-29]],[[81740,64827],[0,-141],[-70,124]],[[30691,41759],[55,-252],[61,-62],[35,-529],[140,-267],[-65,-166],[-13,-425],[152,-485],[3,-183],[55,-253],[30,-441],[190,1]],[[31334,38697],[52,-104],[-96,-595],[-249,-206],[-86,-257],[49,-146],[-60,-227],[52,-385],[-47,-210],[66,-293],[-139,-73],[-91,-444],[-134,-282],[-48,-397],[-55,-127],[27,-256],[-8,-340],[-57,-47],[-99,-408],[-18,-243],[115,-519],[42,-461],[61,-73],[-26,-192],[11,-284],[-55,-44],[-66,-249],[-50,-342],[18,-423],[-181,-266],[-38,-185],[21,-156],[-14,-373],[39,-160],[21,-402],[-132,-143],[-31,-355],[-51,-19],[7,-403],[-65,-205],[5,-553],[42,-259],[-101,-114],[-6,-398],[101,-102],[-34,-157],[63,-282],[-39,-262],[168,-33],[-13,-186],[-93,-124],[67,-145],[-116,-284],[39,-132],[-68,-120],[50,-240],[-68,-146],[10,-213],[-122,-168],[-48,-221],[45,-282],[-72,-246],[-102,-106],[-43,-186],[-122,-163],[21,-312],[96,-353],[179,75],[65,-175],[-37,-363],[136,-258],[544,-11],[210,-74],[212,-127]],[[30988,21683],[-222,87],[-89,-124],[-343,-200],[-55,-582],[-84,-60],[-244,144],[-36,219],[126,-19],[125,103],[4,198],[-298,-283],[-165,6],[-267,348],[50,234],[88,111],[-126,148],[21,261],[-255,155],[-78,219],[211,407],[-2,795],[-65,185],[-22,329],[138,300],[2,120],[-418,209],[203,260],[-39,164],[252,62],[34,201],[135,-38],[52,292],[173,140],[21,172],[-167,154],[75,309],[-29,102],[62,234],[26,431],[79,184],[-47,185],[-96,67],[-141,-146],[-80,161],[-43,230],[82,597],[72,169],[51,325],[-85,494],[19,188],[-55,197],[17,294],[107,12],[27,276],[68,171],[69,464],[112,282],[61,536],[94,295],[-22,322],[81,251],[-21,491],[-37,367],[-2,483],[74,108],[24,284],[-57,417],[93,316],[37,375],[113,805],[-19,314],[75,352],[-36,305],[24,496],[26,125],[-54,114],[7,179],[64,120],[68,781],[-30,442],[13,530],[-75,841]],[[30936,21513],[-7,-1268]],[[30929,20245],[-231,-3],[-66,84],[-215,-56],[-262,110],[151,162],[8,261],[94,148],[106,-77],[221,162],[-79,84],[-126,-48],[-83,225],[174,170],[315,46]],[[31366,20072],[-275,-39],[-10,168],[239,-27],[46,-102]],[[29507,26874],[-161,47],[40,222],[14,381],[34,243],[141,-58],[16,-329],[-88,-68],[98,-202],[-94,-236]],[[29312,23532],[-33,-495],[-196,92],[32,440],[109,218],[63,-29],[25,-226]],[[29025,23753],[-39,102],[72,327],[64,-348],[-97,-81]],[[29287,23852],[-99,-20],[-81,279],[135,9],[45,-268]],[[29743,21035],[200,-187],[-306,-79],[-106,298],[212,-32]],[[29216,22102],[80,-209],[-88,-160],[-71,277],[79,92]],[[30638,20207],[223,-57],[171,-136],[-3,-154],[-310,45],[-158,171],[77,131]],[[30169,20718],[-162,-101],[-6,186],[168,-85]],[[29518,26270],[-69,-58],[71,-360],[-103,-118],[-144,390],[32,100],[213,46]],[[29726,26048],[-128,80],[66,176],[123,-123],[-61,-133]],[[56349,58133],[-101,44],[-125,-100],[-94,-143],[5,-120],[-128,-226],[-136,-327],[-120,-161],[-187,-61],[-145,-3],[-11,-207],[-181,-360],[-224,-28],[-240,-249],[-73,178],[-40,-101],[-148,-120],[-102,28]],[[54299,56177],[-10,189],[-91,406],[-217,372],[-99,281],[74,166],[360,-11],[-73,229],[-69,435],[26,247],[-11,175],[-89,467],[-68,186],[-126,57]],[[54495,53150],[-33,368],[-81,126],[-179,403],[-30,306],[-87,177],[-25,691],[-52,100],[86,139],[140,567],[65,150]],[[43487,60488],[-72,-27],[1,179],[71,-152]],[[13829,83540],[-100,-148]],[[10833,91964],[505,-78],[293,-209],[392,-152],[233,16],[52,227],[153,91],[549,-20],[90,125],[251,59],[399,225],[236,-84],[188,-165],[336,294],[174,10],[146,-293],[152,-152],[196,92],[164,209],[322,-352],[162,249],[265,3],[308,-89],[186,-139],[396,-94],[215,-123],[563,-108],[121,67],[338,-180],[125,-150],[-222,-74],[-184,-200],[426,-125],[405,-13],[401,62],[263,107],[115,-141],[288,-82],[168,-192],[-130,-112],[361,-104],[-226,490],[-81,240],[-118,74],[104,192],[597,178],[173,-116],[31,-150],[343,-246],[200,48],[217,-174],[316,-69],[305,85],[364,-67],[203,59],[267,-121],[69,138],[-342,120],[61,146],[264,78],[81,-114],[261,-56],[-93,-348],[164,-207],[145,39],[-109,274],[53,163],[199,29],[303,272],[-8,198],[-164,327],[-513,240],[-118,263],[88,123],[-89,154],[39,268],[335,363],[248,-80],[378,-290],[-9,-236],[393,-388],[-329,-268],[233,-105],[377,-15],[-75,-124],[99,-245],[-30,-224],[193,26],[59,285],[170,144],[282,-261],[64,-235],[-149,-67],[42,-301],[258,-335],[203,191],[162,321],[61,321],[242,256],[-146,91],[-33,353],[351,-6],[160,-78],[291,-5],[-6,-134],[364,-195],[14,-266],[-354,-122],[160,-336],[197,-232],[-55,-225],[-326,-278],[-510,-235],[-268,207],[-331,-4],[164,-293],[-347,-385],[-188,-3],[-495,338],[-102,-31],[318,-307],[540,-87],[-70,-214],[-229,-370],[-152,-101],[-414,-15],[36,-103],[-366,-171],[162,-90],[-34,-233],[-161,-82],[-253,9],[-294,-642],[-178,-223],[-2,-103],[-161,-416],[-39,-267],[20,-605],[119,-108],[280,23],[286,-1006],[316,134],[144,-10],[223,-140],[234,-75],[242,-221],[143,-237],[524,-262],[171,-182],[319,17],[371,-96],[99,-193],[-55,-263],[77,-310],[-33,-494],[183,-304],[-17,-80],[279,-309],[80,-247],[148,-90],[94,229],[144,94],[135,299],[-64,216],[-144,848],[-118,344],[210,106],[283,205],[158,184],[187,317],[36,346],[-15,273],[-162,483],[-377,382],[23,126],[187,276],[9,170],[115,211],[-155,428],[37,376],[-111,386],[19,143],[193,125],[432,-148],[314,-76],[294,155],[430,-418],[183,-328],[318,-52],[177,-218],[-32,-173],[35,-327],[-14,-276],[141,-257],[132,5],[103,-178],[210,-220],[267,193],[279,324],[48,383],[139,274],[120,9],[267,-539],[98,-273],[164,-221],[81,-289],[112,-64],[14,-277],[144,-213],[-51,-358],[118,-301],[72,52],[250,-402],[260,-63],[60,-180],[162,16],[220,-170],[-207,-127],[204,-108],[74,-181],[190,-48],[99,-102],[86,-216],[-10,-520],[39,-99],[-356,-392],[-220,-18],[-206,-76],[-182,-296],[-254,-303],[-336,-30],[-396,57],[-598,-15],[-111,26],[-341,-63],[-124,-125],[-120,-372],[-253,-87],[-179,-212],[-235,-421],[-37,-153],[-222,-399],[-156,-198],[-170,-63],[-306,-275],[-137,-272],[-156,-136],[17,-90],[-204,-197]],[[15892,80064],[-72,0],[-80,269],[-145,14],[-79,178],[-178,131],[-76,230],[-375,64],[3,159],[-184,35],[-181,164],[18,188],[-127,179],[-71,213],[69,403],[-95,10],[-56,212],[-175,86],[-78,-82],[-214,273],[81,235],[-108,166],[150,428],[-56,270],[19,147]],[[29247,77766],[320,243],[111,337],[349,358],[178,72],[206,159],[426,716],[396,334],[384,206],[182,31],[191,-43],[159,-156],[2,-214],[-279,-304],[-185,96],[72,-284],[122,67],[146,-50],[-58,-205],[-113,-154],[114,-123],[101,-373],[347,-282],[165,-6],[60,-69],[147,142],[128,-104],[58,-260],[-341,-226],[-347,-206],[-146,37],[-25,-142],[-135,-251],[-243,-177],[-108,146],[8,319],[123,226],[335,286],[-125,213],[-274,-232],[-274,-90],[-70,59]],[[13151,83022],[265,-81],[-86,-416],[-204,26],[-85,270],[-3,211],[113,-10]],[[13402,82485],[7,-253],[-122,16],[-50,203],[165,34]],[[14667,81013],[477,-186],[233,-512],[180,-118],[138,-369],[-27,-144],[-304,152],[-317,285],[-1,107],[-199,82],[-37,263],[-120,2],[-98,164],[-110,-21],[-12,183],[-100,94],[97,145],[200,-127]],[[19495,97148],[119,-181],[-1045,42],[762,200],[164,-61]],[[19317,96833],[191,-84],[-119,-249],[-487,-104],[-337,107],[-14,215],[766,115]],[[17902,96407],[-186,-434],[-874,-224],[-151,-209],[-555,101],[-240,112],[322,123],[701,497],[465,7],[293,130],[225,-103]],[[19919,95654],[321,-103],[205,105],[255,-181],[-106,-319],[-359,-153],[-466,80],[-586,-246],[-439,-128],[-276,8],[-260,379],[-355,-69],[-520,175],[275,462],[286,209],[385,8],[103,-141],[313,-2],[457,-377],[546,-24],[-197,205],[86,163],[-218,157],[259,197],[197,-100],[94,-305]],[[18188,93659],[284,58],[207,168],[413,-157],[295,-30],[55,186],[364,-279],[135,-431],[252,83],[-109,146],[-150,551],[144,129],[343,-77],[297,-235],[50,-215],[246,-565],[-61,-190],[171,-197],[236,-145],[543,-209],[59,-249],[-346,75],[-122,-169],[179,-83],[33,-221],[-447,-124],[-431,157],[-312,46],[-144,160],[-217,-252],[-418,-139],[-657,-126],[-505,-27],[-135,198],[-22,205],[-407,41],[-376,92],[-164,218],[-9,171],[707,122],[543,-50],[145,128],[-456,140],[-621,-60],[-443,25],[-188,149],[125,155],[-293,305],[-21,172],[203,160],[-45,156],[500,300],[538,183],[163,-174],[-131,-275]],[[16740,94534],[492,89],[213,-55],[469,-318],[17,-104],[-976,-435],[-124,-186],[-214,-85],[-123,-407],[-719,-221],[-222,319],[-487,265],[215,260],[42,281],[289,399],[-250,334],[939,105],[439,-241]],[[30697,99663],[1309,-81],[470,-179],[470,-71],[-218,-229],[-666,-179],[-252,-258],[-1295,-511],[-345,-367],[-1076,-196],[46,-125],[-322,-114],[506,-162],[-398,-412],[-596,-37],[-18,-246],[-351,-207],[292,-104],[1,-235],[-668,-227],[-134,194],[-754,-35],[-349,-85],[-1230,108],[20,193],[306,159],[423,56],[-339,299],[299,99],[-148,164],[206,344],[693,116],[33,144],[-248,223],[-370,134],[32,273],[717,-52],[1020,173],[-930,107],[-530,-109],[-1004,162],[-285,211],[270,212],[-742,82],[322,112],[1086,178],[467,151],[656,-116],[115,204],[621,194],[669,-32],[481,95],[1605,39],[133,-57]],[[23476,96654],[607,-30],[-61,-153],[-685,5],[139,178]],[[24016,95061],[-2,-194],[-319,-28],[-437,160],[-82,103],[249,248],[345,37],[246,-326]],[[22221,94438],[235,-123],[438,90],[161,-128],[-221,-219],[207,-374],[122,-463],[-570,-306],[-140,38],[-396,452],[-314,94],[-275,269],[220,158],[159,-179],[240,15],[56,201],[-324,178],[149,216],[253,81]],[[26411,89435],[420,-90],[205,-187],[172,-78],[93,-358],[246,39],[147,-189],[-207,-173],[-370,141],[-25,127],[-285,99],[-65,-165],[-251,-290],[-240,-98],[-61,299],[-409,8],[260,268],[-34,247],[114,656],[201,52],[89,-308]],[[22861,95890],[81,-527],[-109,-250],[-213,-62],[-463,-1],[-133,229],[-508,62],[308,276],[-196,168],[486,190],[379,0],[368,-85]],[[21270,97531],[1060,-422],[-39,-161],[163,-257],[-395,20],[-135,174],[-461,102],[-442,-58],[224,287],[-561,152],[41,168],[545,-5]],[[24476,98578],[345,-311],[825,-127],[147,-409],[456,-76],[59,-186],[-479,-178],[-493,-407],[-507,-24],[-573,138],[-674,518],[-54,210],[-323,112],[-87,166],[322,150],[-144,170],[240,178],[940,76]],[[23807,96147],[438,-178],[392,44],[125,-140],[436,-78],[-268,-143],[569,-312],[263,61],[330,-66],[593,182],[494,7],[509,-116],[184,-104],[42,-328],[-214,-172],[-425,-60],[-479,63],[-248,-45],[-1110,-8],[-395,31],[-588,141],[-129,319],[67,288],[-252,292],[-606,-51],[-380,252],[-33,155],[312,53],[373,-87]],[[23276,97079],[366,-107],[-55,-203],[-529,-107],[-351,359],[12,216],[557,-158]],[[24119,94562],[263,-109],[316,22],[203,-81],[-490,-643],[-339,28],[-194,-445],[-321,-1],[-98,434],[-24,527],[165,189],[519,79]],[[22933,91959],[317,-172],[170,-350],[-198,-153],[-298,42],[-495,184],[-86,99],[308,173],[-26,121],[211,182],[97,-126]],[[33026,78308],[83,-119],[93,120],[-9,149],[177,-26],[-41,-161],[-103,-130],[-250,-46],[-58,212],[173,492],[150,-16],[-68,-344],[-147,-131]],[[34594,81530],[-99,-199],[-15,-164],[-229,-488],[124,17],[134,-74],[-35,-219],[241,-159],[124,107],[172,-28],[107,-173],[-77,-190],[16,-164],[215,26],[-142,-196],[-46,-179],[206,62],[-61,-217],[145,-59],[-116,-500],[-152,-1],[10,160],[-165,-45],[85,292],[-33,213],[-124,-169],[-117,-45],[-128,-276],[-131,-22],[166,335],[-187,47],[-99,81],[-203,-56],[-384,59],[-218,-61],[-68,170],[181,265],[-1,157],[139,454],[55,90],[200,666],[152,332],[201,169],[157,-18]],[[25947,92747],[263,82],[237,-34],[36,284],[-348,230],[159,251],[-84,203],[174,324],[655,227],[348,-55],[314,-512],[-185,-309],[539,36],[278,239],[307,19],[475,-165],[241,-340],[794,-219],[185,-207],[64,-211],[387,15],[502,-420],[29,-180],[-238,19],[-111,-102],[484,-139],[-272,-172],[-80,-281],[279,-129],[225,-212],[471,-84],[145,-268],[269,-65],[-61,-121],[244,-68],[114,65],[186,-213],[-156,-194],[-36,-160],[-186,-227],[-196,-56],[-10,-245],[-351,29],[-204,343],[26,141],[-325,156],[-232,14],[36,-155],[-299,-55],[265,-263],[123,-225],[441,-265],[73,-359],[92,11],[46,-440],[-154,0],[-55,-316],[-198,164],[-182,46],[-334,213],[-182,159],[-116,-13],[214,-306],[129,-45],[387,-456],[7,-250],[-329,163],[-260,48],[-196,98],[-128,196],[-192,11],[-283,160],[-200,224],[-69,160],[-339,412],[-297,142],[-154,-123],[-460,-124],[-297,72],[-106,145],[21,185],[181,128],[33,168],[416,-130],[630,182],[-242,343],[320,309],[295,334],[-308,583],[-367,254],[-75,158],[-412,-167],[171,361],[-373,192],[-538,548],[-92,-96],[163,-149],[-224,-164],[-412,114],[-289,-144],[-264,93],[-213,-23],[-685,105],[-84,147],[-354,-86],[-263,156],[-144,314],[422,-71],[-7,152],[-336,46],[-212,118],[-50,263],[45,266],[166,379],[429,377],[264,64],[499,-81],[-309,-250],[-151,-224],[165,-634],[281,-240],[-435,-198]],[[32833,80122],[-117,-8],[-228,84],[-146,100],[-157,313],[354,-136],[289,-243],[5,-110]],[[32274,78610],[190,-27],[268,38],[-199,-280],[-211,132],[-48,137]],[[27222,88107],[-32,-174],[-250,-255],[-190,-29],[-56,182],[146,247],[382,29]],[[27904,87794],[61,-222],[-108,-238],[-156,141],[11,170],[192,149]],[[28979,91199],[145,-51],[7,-401],[-181,-147],[-341,-9],[-83,253],[157,302],[296,53]],[[27906,94270],[347,7],[300,-96],[255,-241],[-31,-150],[-398,44],[-463,-81],[-189,270],[-178,90],[-7,196],[364,-39]],[[27574,82227],[-307,121],[-3,132],[198,11],[112,-264]],[[28073,84254],[-66,-220],[-230,28],[113,179],[183,13]],[[20753,93847],[-454,323],[86,124],[306,40],[240,-87],[18,-150],[-196,-250]],[[21603,95630],[-302,-144],[-287,240],[490,58],[99,-154]],[[29549,90889],[-264,25],[54,153],[262,-71],[-52,-107]],[[27997,91500],[170,303],[102,-39],[-272,-264]],[[52722,53170],[21,579],[-125,353],[-118,98],[-28,197],[-96,185]],[[79007,57840],[-46,75],[-203,36],[53,165],[-53,148],[-105,-135],[-8,315],[-53,142]],[[77417,57713],[-50,93],[-16,186],[58,179],[18,349],[-29,84],[17,281],[-34,539],[-91,330],[-121,648],[-28,585],[-35,83],[10,299],[-68,-9],[-55,311],[-58,147],[-44,-310],[-52,-124],[-239,-227],[-104,-258],[-124,56],[-98,271],[-104,-94],[104,831],[-44,364],[-100,399],[-101,77],[81,238],[-177,356],[-100,9],[-74,281],[-114,132]],[[75645,63819],[-40,289],[115,101],[-6,294]],[[50663,58696],[-113,-276],[-154,17],[-146,-262]],[[57940,77040],[-34,-204],[-149,-117],[-11,-251],[-112,-162],[147,-288]],[[81684,54488],[65,9],[193,239],[9,-71]],[[81951,54665],[32,0]],[[35652,54182],[53,146],[67,-127],[40,-243],[6,-225],[110,-663],[55,-173],[140,-98],[16,-286],[-110,-189],[-145,-382],[-130,-148],[-33,-178],[-83,-212],[-5,-148],[-63,-327],[180,209],[106,62],[63,-372],[80,-146],[112,105],[78,-54],[112,112],[90,-56],[78,197],[73,-19],[-1,216],[93,235],[199,64],[164,-89],[53,-109],[111,-35],[160,-183],[51,-5],[49,-196],[57,133],[118,-161],[75,-357],[-38,-23],[-56,-424],[79,114],[36,235],[104,-28],[133,47],[21,73],[123,-51],[191,-189],[103,26],[155,-109],[235,81],[141,-38],[414,-493],[118,-287],[118,-217],[90,-69],[35,-115],[163,-107],[169,25],[120,-43],[87,-252],[69,-476],[50,-516],[-8,-393],[-89,-553],[-51,-173],[-294,-722],[-150,-193],[-132,-390],[-76,-347],[-154,-429],[-152,35],[-13,-210],[-71,-254],[41,-255],[-32,-359],[49,-697],[-67,-518],[-26,-318],[17,-223],[-92,-165],[-70,-375],[11,-367],[-84,-267],[-109,-477],[-110,-194],[-71,-345],[16,-239],[-37,-95],[-162,-130],[-77,-156],[-17,-211],[-254,-11],[-160,-46],[-92,78],[-215,-83],[-8,-161],[-79,-27],[-131,-175],[-152,-63],[-249,-254],[-75,-148],[-205,-291],[-186,-471],[-37,-511],[34,-284],[-24,-209],[6,-298],[-50,-288],[-131,-170],[-132,-284],[-80,-252],[-73,-360],[-89,-272],[-148,-335],[-3,208],[131,239],[-7,160],[-123,36],[-85,-397],[-141,-191],[-62,-289],[19,-162],[-60,-157],[-86,-402],[-200,-348]],[[33997,34453],[186,342],[172,428],[165,373],[174,194],[75,182],[140,74],[136,174],[46,516],[-61,320],[-73,84],[-128,-30]],[[33844,40227],[83,107],[-75,135],[92,382],[63,462],[-72,442],[-156,160],[-40,522],[-455,34],[-34,951],[-49,250],[-9,227],[-158,173],[-198,-21],[-107,226],[-164,79],[-84,189],[-78,-7],[-66,93],[-232,46],[-26,109],[-133,158],[-110,420],[15,204],[-28,256],[34,113],[-23,311],[-241,-66],[-129,-86],[-106,-169],[-131,-136],[-39,-102],[-97,-12],[-91,-182],[-328,39]],[[36214,51711],[142,37],[147,-39],[58,-70],[-45,-258],[-108,-392],[-183,-133],[-255,-43],[-70,315],[-4,343],[35,214],[111,91],[172,-65]],[[36183,51997],[-28,-150],[-139,21],[19,108],[148,21]],[[35602,51017],[79,451],[107,-9],[-32,-205],[-154,-237]],[[55096,76374],[-93,148],[-5,355],[88,12],[53,265],[124,280],[-47,236],[-110,38],[-13,-187],[-200,-127],[-113,35],[-27,-196],[-170,208],[106,73],[-29,124],[-152,142]],[[55038,77833],[178,-99]],[[54907,76553],[-23,24]],[[32597,39035],[-54,136],[-271,-4],[-43,-39],[-111,-397],[-64,307],[-126,73],[-198,1],[-91,153],[-74,-161],[-96,-59],[-135,-348]],[[50751,55512],[-301,-88]],[[25473,62483],[55,-202],[-48,-294],[-12,-563],[-106,-222],[-55,-206]],[[51574,81109],[-156,-55],[-87,45],[-242,-51],[-213,28]],[[50839,81086],[-44,-29]],[[50701,81276],[229,162]],[[51227,81104],[-15,59],[-41,-53],[56,-6]],[[33474,59378],[-33,12],[5,124],[46,-95],[-18,-41]],[[75645,63819],[-75,221],[-13,294],[-87,472],[-59,169],[-149,-116],[-87,287],[-55,-197],[43,-285],[-120,-254],[-96,96],[-68,-125],[-92,-26],[-51,214]],[[64057,66752],[-39,48],[-4,129],[44,-38],[-1,-139]],[[28548,66764],[6,337],[46,-89],[-36,-54],[-16,-194]],[[28404,66075],[0,-141],[-83,-101],[-71,269],[74,224],[80,-251]],[[62435,74713],[73,36],[204,-223],[97,-288]],[[62913,74254],[17,170],[-97,226],[-114,166],[48,203],[-163,233],[59,120],[-163,256]],[[63492,75947],[148,-313],[33,-159],[153,-255],[147,-98],[-209,-126],[-63,-338],[10,-149],[-97,-124],[-45,-183],[5,-219]],[[89771,44956],[-19,-201],[81,-193],[51,-463],[-10,-172],[57,-350],[57,-66],[143,134],[48,-151],[178,-259],[-5,-307],[52,-334],[-9,-202],[132,-382],[63,-326],[-26,-367],[83,-162],[-10,-166],[51,-136],[183,-182],[78,9],[138,-283],[234,-242],[-21,-167],[145,-314],[139,-758],[103,159],[129,-227],[62,-10],[22,-508],[183,-319],[111,-109],[63,-228],[91,-118],[55,-231],[72,-132],[2,-148],[68,-159],[-23,-195],[10,-513],[127,-603],[8,-354],[-71,-251],[-21,-347],[-67,-386],[-24,-502],[-107,-352],[-25,-226],[-85,-184],[-98,-83],[-91,-257],[-70,-393],[-75,-154],[-75,-507],[-35,-21],[-103,-357],[-65,-583],[-8,-393],[-176,-158],[-288,-16],[-107,-60],[-134,-164],[-149,-256],[-256,-137],[-40,135],[-313,263],[-157,-145],[-156,-207],[-257,213],[-247,104],[-83,-53],[-115,165],[-107,28],[-234,451],[20,336],[-85,326],[-142,234],[-237,44],[90,339],[-5,151],[-112,342],[-47,-165],[-63,-396],[-225,-56],[37,187],[104,1],[29,434],[122,335],[-23,218],[-113,4],[-57,-251],[-224,-231],[-218,-524],[-128,595],[-83,162],[-27,171],[-136,94],[-56,240],[37,115],[-189,211],[-95,0],[-126,131],[-151,-30],[-137,179],[-160,116],[-100,-62],[-182,14],[-328,-71],[-245,-210],[-207,-114],[-390,-19],[-322,-337],[-175,-142],[-133,-407],[-123,-88],[-119,56],[-174,-58],[-25,68],[-182,27],[-274,-78],[-157,-7],[-112,-227],[-154,-64],[-211,-292],[-154,-64],[-296,63],[-147,111],[-73,155],[-199,156],[48,353],[93,64],[46,195],[5,863],[-145,511],[-51,341],[-10,451],[-92,323],[-25,190],[-103,266],[-38,423],[-124,454],[75,130],[-73,135],[-54,222],[40,51],[188,-383],[-1,252],[-151,504],[-70,312],[38,405],[56,181],[11,227],[-31,222],[76,403],[57,-221],[60,-11],[62,230],[71,119],[166,141],[154,265],[194,217],[194,-39],[220,200],[154,65],[98,154],[133,-25],[170,74],[190,141],[83,108],[87,214],[95,362],[112,293],[-21,377],[75,198],[80,105],[70,202],[47,-245],[107,-359],[70,356],[-80,217],[302,218],[-54,204],[127,344],[112,125],[-18,132],[140,189],[94,-62],[25,219],[81,55],[46,-82],[93,240],[214,-259],[146,-321],[350,-104],[82,82],[-104,229],[92,238],[35,234],[117,156],[-25,199],[140,317],[213,75],[259,21],[59,75],[27,348],[95,30],[45,-145],[200,-73],[92,-101],[137,13],[136,-137],[158,182],[82,-297],[52,167],[75,101],[113,-226],[-114,-251],[16,-126],[-185,-173],[17,-292],[-29,-197],[-133,-349],[35,-139],[187,-232],[24,-96],[137,-187],[60,9],[195,-204],[151,-280],[212,-104],[66,-247],[219,-216],[132,45],[89,121],[37,231],[71,212],[53,332],[11,267],[49,316],[-29,338],[20,183],[-34,205],[48,310],[-9,182],[66,210],[-48,50],[76,343],[60,547],[80,138],[74,-175],[32,-171],[10,-296],[85,-77]],[[92521,37009],[-11,321],[86,75],[-75,-396]],[[87975,43891],[50,-282],[-147,37],[17,210],[80,35]],[[86282,45290],[112,24],[69,83],[75,-142],[-164,-282],[-85,106],[-7,211]],[[88220,31256],[-41,-194],[-192,24],[-33,164],[193,90],[73,-84]],[[90289,28348],[66,10],[288,-227],[187,99],[129,-6],[143,128],[90,-96],[2,-630],[-77,-126],[-28,-181],[16,-336],[-54,-37],[-105,188],[-149,-414],[-90,60],[-140,-22],[-155,357],[-61,221],[-8,302],[-128,346],[-36,252],[110,112]],[[79367,45798],[-8,-41],[-31,30],[34,47],[5,-36]],[[76899,44825],[-1,2],[-2,16],[-1,15],[2,0],[2,-20],[0,-13]],[[70474,21234],[-68,-27],[-36,88],[70,2],[34,-63]],[[96649,35127],[11,-33],[-16,-4],[5,37]],[[84331,44685],[0,-6],[-6,1],[0,6],[6,-1]],[[33833,33138],[8,-281],[-70,-88],[-34,-318],[43,-305],[-37,-59],[67,-223],[144,-122],[128,-169],[40,-183],[-54,-124],[25,-244],[157,-162],[7,-245],[-115,-343],[-86,-172],[-42,-196],[-175,-202],[-458,-232],[-357,-89],[-265,43],[-75,-134],[79,-128],[-65,-301],[-30,-573],[-157,-126],[-226,-23],[-300,193],[-78,-38],[32,-395],[-11,-233],[177,-267],[89,23],[85,162],[55,-169],[-27,-230],[-121,-32],[-54,166],[-91,24],[-104,-131],[165,-173],[-154,-135],[-83,-194],[13,-241],[-34,-247],[-80,-106],[3,-200],[-153,25],[-209,-168],[-171,-411],[-2,-216],[219,-380],[216,-51],[72,-145],[-54,-277],[34,-66],[-162,-231],[-178,-165],[-181,-356],[-27,-353],[-101,-134],[-220,-167],[-82,-328],[56,-395],[164,-415]],[[30936,21513],[98,-191],[74,-334],[199,-280],[541,-477],[-324,-89],[-116,62],[-358,62],[-121,-21]],[[32856,61657],[-40,-14],[12,90],[28,-76]],[[32848,61966],[-27,13],[-3,68],[29,-31],[1,-50]],[[53261,41906],[22,314],[-19,503],[60,114],[87,574],[27,345],[48,346],[96,236],[24,145],[120,147],[103,408],[17,437],[-35,242],[-51,123],[-91,413],[-59,378],[100,207],[6,183],[-144,656],[-10,159],[-84,210],[-61,287],[213,131]],[[53392,48525],[-10,250],[-44,185]],[[49383,72064],[85,-6],[160,156],[117,175],[136,111],[132,23],[130,208],[206,148],[371,47],[105,106],[224,64],[272,0],[122,-126],[241,108],[117,127],[123,-95],[189,46],[84,-83],[185,47]],[[55555,74717],[-41,192],[-126,139],[12,657],[38,209],[-66,47]],[[34161,15338],[-346,-225],[-175,-361],[-188,-81],[-109,57],[-304,-317],[-188,-30],[-114,-172],[43,-148],[-87,-145],[129,-161],[159,81],[101,-122],[-270,-60],[-521,10],[-91,-217],[-169,-87],[-37,-289],[-173,-11],[-55,-463],[179,-160],[27,-153],[432,-79],[-31,-133],[279,-312],[136,-309],[0,-450],[180,19],[82,-172],[-54,-229],[137,-293],[93,-538],[-283,-265],[146,-84],[-37,-499],[-337,-15],[-472,-288],[192,-86],[-36,-171],[-836,-324],[-815,-194],[-219,-175],[-473,-57],[-964,99],[-534,-28],[262,-372],[239,-114],[704,-67],[-111,-175],[-433,-164],[-814,137],[-795,109],[-233,-77],[1114,-317],[-122,-179],[-673,-44],[-820,268],[-4,-240],[864,-285],[1014,-33],[130,-173],[-146,-160],[367,-518],[613,-66],[559,172],[216,-137],[1525,-383],[170,-200],[-494,-19],[0,-162],[883,-198],[318,-469],[576,-67],[601,356],[936,368],[1562,178],[643,-154],[660,-64],[621,560],[740,239],[434,-104],[523,238],[1666,276],[1413,63],[-283,173],[-1303,94],[-102,251],[-743,-38],[-902,262],[16,176],[304,364],[281,237],[559,153],[869,455],[799,238],[497,109],[788,48],[263,111],[276,-28],[206,171],[403,524],[452,-43],[305,271],[-326,-5],[-214,174],[23,126],[233,189],[354,-15],[7,225],[302,-30],[476,214],[150,295],[-331,166],[135,162],[232,-128],[261,303],[182,-84],[163,-287],[259,72],[-45,349],[539,132],[96,-83],[-100,-280],[871,12],[222,-65],[311,49],[98,-209],[382,294],[493,174],[696,140],[635,93],[312,12],[172,167],[299,-186],[412,-149],[341,318],[248,-75],[551,11],[644,-124],[86,144],[212,-2],[19,-351],[501,34],[177,337],[353,-318],[230,234],[120,-25],[144,-256],[338,-83],[343,72],[777,352],[382,43],[345,130],[102,217],[-117,316],[154,222],[297,-7],[-105,-229],[217,3],[175,-313],[649,-47],[361,-165],[235,334],[44,264],[352,226],[355,128],[114,132],[522,126],[80,78],[591,113],[426,-127],[18,332],[148,159],[211,-135],[167,15],[-76,406],[431,245],[496,93],[355,-34],[211,-94],[410,-307],[-203,-96],[122,-159],[204,24],[308,-124],[143,-147],[342,57],[230,-89],[383,-62],[280,80],[1286,-219],[303,84],[157,-415],[-125,-157],[27,-285],[-201,-82],[49,-284],[-251,17],[-253,-251],[187,-86],[363,-5],[-104,-348],[-232,-205],[-169,-353],[-150,-544],[300,-79],[0,193],[125,135],[315,81],[478,433],[175,528],[238,179],[17,173],[311,203],[411,-86],[130,183],[535,291],[187,256],[66,200],[156,91],[758,248],[357,50],[328,281],[341,-27],[630,215],[477,-20],[368,127],[292,55],[525,-105],[244,108],[194,-74],[434,76],[172,-63],[149,81],[309,-104],[422,167],[163,234],[333,50],[355,-71],[676,-243],[492,-132],[363,-155],[322,221],[79,258],[151,67],[458,93],[169,-75],[174,-248],[271,-116],[90,-121],[-100,-148],[-357,-106],[10,-132],[747,227],[395,-20],[318,-68],[-41,-98],[654,161],[193,133],[496,145],[175,-58],[352,198],[222,-76],[243,-319],[247,-39],[224,44],[140,330],[337,160],[244,-26],[448,89],[204,-112],[220,-31],[106,117],[234,-95],[433,-66],[107,-79],[306,-17],[183,-82],[576,-52],[254,-112],[156,71],[326,-152],[-189,-376],[329,97],[236,1],[237,-196],[-9,-178],[461,-112],[725,47],[138,-177],[422,-94],[173,73],[137,179],[367,-349],[545,-164],[188,58],[451,-180],[119,-261],[230,-198],[107,-293],[347,301],[188,-183],[293,64],[617,-89],[262,-84],[168,-214],[552,-258],[-92,-633],[-79,-185],[-664,-56],[128,-109],[-789,-398],[146,-326],[-593,-5],[-156,-127],[-20,-198],[-237,-30],[316,-362],[-15,-518],[238,-482],[225,-264],[494,-236],[-437,-88],[-1153,-344],[-76,-204],[97,-262],[-498,-163],[493,-76],[102,-556],[531,-274],[1226,-626],[243,-236],[864,-65],[194,-97],[2079,-324],[166,-84],[0,-3253],[-99999,0],[0,240],[0,167],[0,406],[0,407],[0,407],[0,406],[0,407],[0,406],[0,407],[447,8],[1858,-118],[1331,-159],[1105,-48],[1612,-163],[40,215],[-1829,163],[-384,416],[-723,-2],[-448,208],[-1361,316],[624,31],[945,-220],[612,16],[862,-74],[254,-109],[765,-14],[560,113],[-70,125],[617,86],[680,306],[-474,293],[211,138],[-854,220],[140,90],[2335,151],[-682,315],[99,117],[529,46],[39,170],[-643,132],[-445,176],[-866,159],[-350,190],[487,136],[-173,119],[-535,-4],[-343,243],[80,357],[429,-32],[515,50],[376,-167],[484,-5],[556,-215],[382,142],[-112,120],[505,48],[267,110],[60,184],[-442,179],[-350,-31],[-293,73],[371,151],[676,-185],[-138,187],[780,309],[346,42],[229,-115],[504,275],[576,79],[296,-36],[90,174],[240,84],[525,-93],[395,50],[628,-73],[535,100],[697,2],[407,-33],[1170,68],[371,157],[354,-53],[545,11],[87,269],[357,-58],[-118,-515],[621,110],[-31,301],[417,-56],[2,-198],[-323,-244],[608,-30],[737,-91],[477,132],[888,-7],[185,-170],[690,134],[-475,211],[41,177],[-315,17],[-129,266],[-291,81],[98,154],[396,-81],[335,21],[-67,183],[-737,47],[74,192],[441,4],[780,-30],[517,-159],[254,51],[275,-53],[557,77],[367,-81],[174,197],[583,68],[-62,-213],[384,-72],[293,84],[278,-169],[777,-205],[243,69],[13,244],[228,213],[255,-84],[310,-268],[432,55],[-79,-206],[512,103],[360,-35],[297,145],[1141,197],[320,156],[233,429],[-175,325],[-13,270],[-106,366],[-143,232],[-85,338],[371,12],[111,144],[-116,173],[166,358],[-99,124],[124,287],[-245,53],[26,185],[149,74],[162,217],[168,-10],[42,282],[267,155],[164,180],[7,216],[406,244],[263,87],[213,306],[376,146],[177,154],[412,188],[103,-84]],[[37438,6445],[417,-5],[210,-379],[-156,-412],[-1573,-260],[-162,-81],[-1219,-49],[-52,173],[240,219],[330,27],[544,382],[-110,113],[143,390],[316,321],[626,152],[360,-56],[479,-233],[-39,-179],[-354,-123]],[[33407,5562],[-236,-348],[-1024,115],[-475,209],[961,7],[327,280],[455,7],[-8,-270]],[[30541,11987],[176,-227],[300,-733],[27,-557],[-269,-410],[-877,-78],[-200,151],[330,165],[220,43],[-363,222],[-413,-283],[-404,158],[17,152],[307,133],[435,-3],[397,233],[37,258],[203,101],[-424,226],[31,315],[-110,177],[75,100],[403,88],[102,-231]],[[22752,10418],[340,36],[350,-125],[9,-197],[-132,-96],[-655,17],[-496,158],[-575,79],[38,86],[567,86],[70,-121],[339,163],[145,-86]],[[16512,9356],[79,-134],[-220,-200],[-499,-3],[65,217],[-135,163],[710,-43]],[[14908,9627],[165,-69],[206,-244],[241,-2],[81,-226],[-288,10],[-706,399],[301,132]],[[5819,5871],[-782,60],[-655,220],[28,187],[241,158],[448,-103],[544,-289],[176,-233]],[[96411,7303],[380,-38],[-36,-170],[-579,77],[235,131]],[[30462,5944],[-402,136],[344,323],[852,300],[208,-12],[-701,-476],[-301,-271]],[[32450,14706],[-130,-192],[-146,127],[276,65]],[[31114,12975],[-164,-149],[-140,190],[207,346],[181,-199],[-84,-188]],[[29526,11154],[-139,-166],[-547,-120],[-90,110],[358,97],[56,94],[362,-15]],[[29170,11677],[152,-128],[-114,-132],[-244,48],[206,212]],[[29346,9735],[-61,-295],[-369,160],[-32,143],[178,152],[284,-160]],[[24677,9687],[-141,322],[240,7],[-99,-329]],[[32497,62251],[-4,-29],[-28,29]],[[99781,46932],[-4,7],[-1,14],[4,0],[1,-21]]],"transform":{"scale":[0.0036000360003600037,0.0017360027100271002],"translate":[-180,-89.998926]},"objects":{"countries":{"type":"GeometryCollection","geometries":[{"arcs":[[0,1,2,3]],"type":"Polygon","properties":{"GU_A3":"ZWE","NAME":"Zimbabwe","CONTINENT":"Africa"}},{"arcs":[[-3,4,5,6,7,8,9]],"type":"Polygon","properties":{"GU_A3":"ZMB","NAME":"Zambia","CONTINENT":"Africa"}},{"arcs":[[[10,11,12]],[[13]]],"type":"MultiPolygon","properties":{"GU_A3":"YEM","NAME":"Yemen","CONTINENT":"Asia"}},{"arcs":[[14,15,16,17]],"type":"Polygon","properties":{"GU_A3":"VNM","NAME":"Vietnam","CONTINENT":"Asia"}},{"arcs":[[18,19,20,21]],"type":"Polygon","properties":{"GU_A3":"VEN","NAME":"Venezuela","CONTINENT":"South America"}},{"arcs":[[22]],"type":"Polygon","properties":{"GU_A3":"VAT","NAME":"Vatican","CONTINENT":"Europe"}},{"arcs":[[[23]],[[24]]],"type":"MultiPolygon","properties":{"GU_A3":"VUT","NAME":"Vanuatu","CONTINENT":"Oceania"}},{"arcs":[[25,26,27,28,29]],"type":"Polygon","properties":{"GU_A3":"UZB","NAME":"Uzbekistan","CONTINENT":"Asia"}},{"arcs":[[30,31,32]],"type":"Polygon","properties":{"GU_A3":"URY","NAME":"Uruguay","CONTINENT":"South America"}},{"arcs":[[33]],"type":"Polygon","properties":{"GU_A3":"FSM","NAME":"Micronesia","CONTINENT":"Oceania"}},{"arcs":[[34]],"type":"Polygon","properties":{"GU_A3":"MHL","NAME":"Marshall Is.","CONTINENT":"Oceania"}},{"arcs":[[35]],"type":"Polygon","properties":{"GU_A3":"MNP","NAME":"N. Mariana Is.","CONTINENT":"Oceania"}},{"arcs":[[36]],"type":"Polygon","properties":{"GU_A3":"VIR","NAME":"U.S. Virgin Is.","CONTINENT":"North America"}},{"arcs":[[37]],"type":"Polygon","properties":{"GU_A3":"GUM","NAME":"Guam","CONTINENT":"Oceania"}},{"arcs":[[38]],"type":"Polygon","properties":{"GU_A3":"ASM","NAME":"American Samoa","CONTINENT":"Oceania"}},{"arcs":[[39]],"type":"Polygon","properties":{"GU_A3":"PRI","NAME":"Puerto Rico","CONTINENT":"North America"}},{"arcs":[[[40]],[[41]],[[42]],[[43,44,45,46]],[[47]],[[48]],[[49]],[[50]],[[51]],[[52]],[[53]],[[54]],[[55]],[[56]],[[57]],[[58]],[[59,60,61,62,63]],[[64]]],"type":"MultiPolygon","properties":{"GU_A3":"USA","NAME":"United States of America","CONTINENT":"North America"}},{"arcs":[[65]],"type":"Polygon","properties":{"GU_A3":"SGS","NAME":"S. Geo. and the Is.","CONTINENT":"Seven seas (open ocean)"}},{"arcs":[[66]],"type":"Polygon","properties":{"GU_A3":"IOT","NAME":"Br. Indian Ocean Ter.","CONTINENT":"Seven seas (open ocean)"}},{"arcs":[[67]],"type":"Polygon","properties":{"GU_A3":"SHN","NAME":"Saint Helena","CONTINENT":"Seven seas (open ocean)"}},{"arcs":[[68]],"type":"Polygon","properties":{"GU_A3":"PCN","NAME":"Pitcairn Is.","CONTINENT":"Oceania"}},{"arcs":[[69]],"type":"Polygon","properties":{"GU_A3":"AIA","NAME":"Anguilla","CONTINENT":"North America"}},{"arcs":[[[70]],[[71]]],"type":"MultiPolygon","properties":{"GU_A3":"FLK","NAME":"Falkland Is.","CONTINENT":"South America"}},{"arcs":[[72]],"type":"Polygon","properties":{"GU_A3":"CYM","NAME":"Cayman Is.","CONTINENT":"North America"}},{"arcs":[[73]],"type":"Polygon","properties":{"GU_A3":"BMU","NAME":"Bermuda","CONTINENT":"North America"}},{"arcs":[[74]],"type":"Polygon","properties":{"GU_A3":"VGB","NAME":"British Virgin Is.","CONTINENT":"North America"}},{"arcs":[[75]],"type":"Polygon","properties":{"GU_A3":"TCA","NAME":"Turks and Caicos Is.","CONTINENT":"North America"}},{"arcs":[[76]],"type":"Polygon","properties":{"GU_A3":"MSR","NAME":"Montserrat","CONTINENT":"North America"}},{"arcs":[[77]],"type":"Polygon","properties":{"GU_A3":"JEY","NAME":"Jersey","CONTINENT":"Europe"}},{"arcs":[[78]],"type":"Polygon","properties":{"GU_A3":"GGY","NAME":"Guernsey","CONTINENT":"Europe"}},{"arcs":[[79]],"type":"Polygon","properties":{"GU_A3":"IMN","NAME":"Isle of Man","CONTINENT":"Europe"}},{"arcs":[[80,81]],"type":"Polygon","properties":{"GU_A3":"WLS","NAME":"Wales","CONTINENT":"Europe"}},{"arcs":[[82,83]],"type":"Polygon","properties":{"GU_A3":"SCT","NAME":"Scotland","CONTINENT":"Europe"}},{"arcs":[[84,85]],"type":"Polygon","properties":{"GU_A3":"NIR","NAME":"N. Ireland","CONTINENT":"Europe"}},{"arcs":[[-81,86,-83,87]],"type":"Polygon","properties":{"GU_A3":"ENG","NAME":"England","CONTINENT":"Europe"}},{"arcs":[[88,89,90,91,92]],"type":"Polygon","properties":{"GU_A3":"ARE","NAME":"United Arab Emirates","CONTINENT":"Asia"}},{"arcs":[[93,94,95,96,97,98,99,100,101,102,103]],"type":"Polygon","properties":{"GU_A3":"UKR","NAME":"Ukraine","CONTINENT":"Europe"}},{"arcs":[[104,105,106,107,108]],"type":"Polygon","properties":{"GU_A3":"UGA","NAME":"Uganda","CONTINENT":"Africa"}},{"arcs":[[-29,109,110,111,112]],"type":"Polygon","properties":{"GU_A3":"TKM","NAME":"Turkmenistan","CONTINENT":"Asia"}},{"arcs":[[[113,114,115,116,117,118,119]],[[120,121,122]]],"type":"MultiPolygon","properties":{"GU_A3":"TUR","NAME":"Turkey","CONTINENT":"Asia"}},{"arcs":[[123,124,125]],"type":"Polygon","properties":{"GU_A3":"TUN","NAME":"Tunisia","CONTINENT":"Africa"}},{"arcs":[[126]],"type":"Polygon","properties":{"GU_A3":"TTO","NAME":"Trinidad and Tobago","CONTINENT":"North America"}},{"arcs":[[127]],"type":"Polygon","properties":{"GU_A3":"TON","NAME":"Tonga","CONTINENT":"Oceania"}},{"arcs":[[128,129,130,131]],"type":"Polygon","properties":{"GU_A3":"TGO","NAME":"Togo","CONTINENT":"Africa"}},{"arcs":[[[132,133]],[[134,135]]],"type":"MultiPolygon","properties":{"GU_A3":"TLS","NAME":"Timor-Leste","CONTINENT":"Asia"}},{"arcs":[[136,137,138,139,140,141]],"type":"Polygon","properties":{"GU_A3":"THA","NAME":"Thailand","CONTINENT":"Asia"}},{"arcs":[[142]],"type":"Polygon","properties":{"GU_A3":"TZZ","NAME":"Zanzibar","CONTINENT":"Africa"}},{"arcs":[[-8,143,144,145,-105,146,147,148,149]],"type":"Polygon","properties":{"GU_A3":"TZA","NAME":"Tanzania","CONTINENT":"Africa"}},{"arcs":[[-27,150,151,152]],"type":"Polygon","properties":{"GU_A3":"TJK","NAME":"Tajikistan","CONTINENT":"Asia"}},{"arcs":[[153]],"type":"Polygon","properties":{"GU_A3":"TWN","NAME":"Taiwan","CONTINENT":"Asia"}},{"arcs":[[-119,154,155,156,157,158,159]],"type":"Polygon","properties":{"GU_A3":"SYR","NAME":"Syria","CONTINENT":"Asia"}},{"arcs":[[160,161,162,163,164,165]],"type":"Polygon","properties":{"GU_A3":"CHE","NAME":"Switzerland","CONTINENT":"Europe"}},{"arcs":[[[166]],[[167,168,169]]],"type":"MultiPolygon","properties":{"GU_A3":"SWE","NAME":"Sweden","CONTINENT":"Europe"}},{"arcs":[[170,171]],"type":"Polygon","properties":{"GU_A3":"SWZ","NAME":"eSwatini","CONTINENT":"Africa"}},{"arcs":[[172,173,174,175]],"type":"Polygon","properties":{"GU_A3":"SUR","NAME":"Suriname","CONTINENT":"South America"}},{"arcs":[[-108,176,177,178,179,180]],"type":"Polygon","properties":{"GU_A3":"SDS","NAME":"S. Sudan","CONTINENT":"Africa"}},{"arcs":[[-179,181,182,183,184,185,186,187]],"type":"Polygon","properties":{"GU_A3":"SDN","NAME":"Sudan","CONTINENT":"Africa"}},{"arcs":[[188]],"type":"Polygon","properties":{"GU_A3":"LKA","NAME":"Sri Lanka","CONTINENT":"Asia"}},{"arcs":[[[189]],[[190,191,192,193,194,195]],[[196]],[[197]],[[198]]],"type":"MultiPolygon","properties":{"GU_A3":"ESP","NAME":"Spain","CONTINENT":"Europe"}},{"arcs":[[[199,200]],[[201]]],"type":"MultiPolygon","properties":{"GU_A3":"KOR","NAME":"South Korea","CONTINENT":"Asia"}},{"arcs":[[-1,202,-172,203,204,205,206],[207]],"type":"Polygon","properties":{"GU_A3":"ZAF","NAME":"South Africa","CONTINENT":"Africa"}},{"arcs":[[208,209,210,211]],"type":"Polygon","properties":{"GU_A3":"SOM","NAME":"Somalia","CONTINENT":"Africa"}},{"arcs":[[-211,212,213,214]],"type":"Polygon","properties":{"GU_A3":"SOL","NAME":"Somaliland","CONTINENT":"Africa"}},{"arcs":[[[215]],[[216]],[[217]],[[218]],[[219]],[[220]]],"type":"MultiPolygon","properties":{"GU_A3":"SLB","NAME":"Solomon Is.","CONTINENT":"Oceania"}},{"arcs":[[-101,221,222,223,224]],"type":"Polygon","properties":{"GU_A3":"SVK","NAME":"Slovakia","CONTINENT":"Europe"}},{"arcs":[[225,226,227,228,229]],"type":"Polygon","properties":{"GU_A3":"SVN","NAME":"Slovenia","CONTINENT":"Europe"}},{"arcs":[[230]],"type":"Polygon","properties":{"GU_A3":"SGP","NAME":"Singapore","CONTINENT":"Asia"}},{"arcs":[[231,232,233]],"type":"Polygon","properties":{"GU_A3":"SLE","NAME":"Sierra Leone","CONTINENT":"Africa"}},{"arcs":[[234]],"type":"Polygon","properties":{"GU_A3":"SYC","NAME":"Seychelles","CONTINENT":"Seven seas (open ocean)"}},{"arcs":[[235,236,237,238,239,240,241]],"type":"Polygon","properties":{"GU_A3":"SRS","NAME":"Serbia","CONTINENT":"Europe"}},{"arcs":[[-242,242,243,244,245]],"type":"Polygon","properties":{"GU_A3":"SRV","NAME":"Vojvodina","CONTINENT":"Europe"}},{"arcs":[[246,247,248,249,250,251,252]],"type":"Polygon","properties":{"GU_A3":"SEN","NAME":"Senegal","CONTINENT":"Africa"}},{"arcs":[[-12,253,254,255,256,257,258,259,-91,260]],"type":"Polygon","properties":{"GU_A3":"SAU","NAME":"Saudi Arabia","CONTINENT":"Asia"}},{"arcs":[[261]],"type":"Polygon","properties":{"GU_A3":"STP","NAME":"São Tomé and Principe","CONTINENT":"Africa"}},{"arcs":[[262]],"type":"Polygon","properties":{"GU_A3":"SMR","NAME":"San Marino","CONTINENT":"Europe"}},{"arcs":[[263]],"type":"Polygon","properties":{"GU_A3":"WSM","NAME":"Samoa","CONTINENT":"Oceania"}},{"arcs":[[264]],"type":"Polygon","properties":{"GU_A3":"VCT","NAME":"St. Vin. and Gren.","CONTINENT":"North America"}},{"arcs":[[265]],"type":"Polygon","properties":{"GU_A3":"LCA","NAME":"Saint Lucia","CONTINENT":"North America"}},{"arcs":[[266]],"type":"Polygon","properties":{"GU_A3":"KNA","NAME":"St. Kitts and Nevis","CONTINENT":"North America"}},{"arcs":[[-106,-146,267,268]],"type":"Polygon","properties":{"GU_A3":"RWA","NAME":"Rwanda","CONTINENT":"Africa"}},{"arcs":[[[-95,269]],[[270,271,272,273,274,275,276,277,278,-104,279,280,281,282,283,284,285]],[[286]],[[287]],[[288]],[[289]],[[290]],[[291]],[[292]],[[293]],[[294]],[[295]],[[296]],[[297]],[[298]],[[299]],[[300]],[[301]],[[302]],[[303]],[[304]],[[305]],[[306]],[[307]],[[308,309,310,311,312]]],"type":"MultiPolygon","properties":{"GU_A3":"RUS","NAME":"Russia","CONTINENT":"Europe"}},{"arcs":[[-97,313,314,-236,-246,315,-99,316]],"type":"Polygon","properties":{"GU_A3":"ROU","NAME":"Romania","CONTINENT":"Europe"}},{"arcs":[[-259,317]],"type":"Polygon","properties":{"GU_A3":"QAT","NAME":"Qatar","CONTINENT":"Asia"}},{"arcs":[[318]],"type":"Polygon","properties":{"GU_A3":"PMD","NAME":"Madeira","CONTINENT":"Africa"}},{"arcs":[[-195,319]],"type":"Polygon","properties":{"GU_A3":"PRX","NAME":"Portugal","CONTINENT":"Europe"}},{"arcs":[[320]],"type":"Polygon","properties":{"GU_A3":"PAZ","NAME":"Azores","CONTINENT":"Seven seas (open ocean)"}},{"arcs":[[-102,-225,321,322,323,324,325,-311,326,327]],"type":"Polygon","properties":{"GU_A3":"POL","NAME":"Poland","CONTINENT":"Europe"}},{"arcs":[[[328]],[[329]],[[330]],[[331]],[[332]],[[333]],[[334]],[[335]],[[336]],[[337]],[[338]],[[339]]],"type":"MultiPolygon","properties":{"GU_A3":"PHL","NAME":"Philippines","CONTINENT":"Asia"}},{"arcs":[[340,341,342,343,344,345]],"type":"Polygon","properties":{"GU_A3":"PER","NAME":"Peru","CONTINENT":"South America"}},{"arcs":[[346,347,348]],"type":"Polygon","properties":{"GU_A3":"PRY","NAME":"Paraguay","CONTINENT":"South America"}},{"arcs":[[[349]],[[350]],[[351,352]]],"type":"MultiPolygon","properties":{"GU_A3":"PNX","NAME":"Papua New Guinea","CONTINENT":"Oceania"}},{"arcs":[[353]],"type":"Polygon","properties":{"GU_A3":"PNB","NAME":"Bougainville","CONTINENT":"Oceania"}},{"arcs":[[354,355,356,357]],"type":"Polygon","properties":{"GU_A3":"PAN","NAME":"Panama","CONTINENT":"North America"}},{"arcs":[[358]],"type":"Polygon","properties":{"GU_A3":"PLW","NAME":"Palau","CONTINENT":"Oceania"}},{"arcs":[[359,360,361,362,363,364]],"type":"Polygon","properties":{"GU_A3":"PAK","NAME":"Pakistan","CONTINENT":"Asia"}},{"arcs":[[[-13,-261,-90,365]],[[-93,366]]],"type":"MultiPolygon","properties":{"GU_A3":"OMN","NAME":"Oman","CONTINENT":"Asia"}},{"arcs":[[[-168,367,-285,368]],[[369]],[[370]]],"type":"MultiPolygon","properties":{"GU_A3":"NOR","NAME":"Norway","CONTINENT":"Europe"}},{"arcs":[[371]],"type":"Polygon","properties":{"GU_A3":"NJM","NAME":"Jan Mayen I.","CONTINENT":"Europe"}},{"arcs":[[[372]],[[373]],[[374]]],"type":"MultiPolygon","properties":{"GU_A3":"NSV","NAME":"Svalbard Is.","CONTINENT":"Europe"}},{"arcs":[[-200,375,376,-271,377]],"type":"Polygon","properties":{"GU_A3":"PRK","NAME":"North Korea","CONTINENT":"Asia"}},{"arcs":[[378,379,380,381,382]],"type":"Polygon","properties":{"GU_A3":"NGA","NAME":"Nigeria","CONTINENT":"Africa"}},{"arcs":[[-383,383,384,385,386,387,388]],"type":"Polygon","properties":{"GU_A3":"NER","NAME":"Niger","CONTINENT":"Africa"}},{"arcs":[[389,390,391,392]],"type":"Polygon","properties":{"GU_A3":"NIC","NAME":"Nicaragua","CONTINENT":"North America"}},{"arcs":[[[393]],[[394]]],"type":"MultiPolygon","properties":{"GU_A3":"NZL","NAME":"New Zealand","CONTINENT":"Oceania"}},{"arcs":[[395]],"type":"Polygon","properties":{"GU_A3":"NIU","NAME":"Niue","CONTINENT":"Oceania"}},{"arcs":[[396]],"type":"Polygon","properties":{"GU_A3":"TKL","NAME":"Tokelau","CONTINENT":"Oceania"}},{"arcs":[[397]],"type":"Polygon","properties":{"GU_A3":"COK","NAME":"Cook Is.","CONTINENT":"Oceania"}},{"arcs":[[[398,399,400,401]],[[402,403]]],"type":"MultiPolygon","properties":{"GU_A3":"NLD","NAME":"Netherlands","CONTINENT":"Europe"}},{"arcs":[[404]],"type":"Polygon","properties":{"GU_A3":"ABW","NAME":"Aruba","CONTINENT":"North America"}},{"arcs":[[405]],"type":"Polygon","properties":{"GU_A3":"NLY","NAME":"Caribbean Netherlands","CONTINENT":"North America"}},{"arcs":[[406]],"type":"Polygon","properties":{"GU_A3":"CUW","NAME":"Curaçao","CONTINENT":"North America"}},{"arcs":[[407,408]],"type":"Polygon","properties":{"GU_A3":"NPL","NAME":"Nepal","CONTINENT":"Asia"}},{"arcs":[[409]],"type":"Polygon","properties":{"GU_A3":"NRU","NAME":"Nauru","CONTINENT":"Oceania"}},{"arcs":[[-5,410,-206,411,412]],"type":"Polygon","properties":{"GU_A3":"NAM","NAME":"Namibia","CONTINENT":"Africa"}},{"arcs":[[-4,-10,413,-149,414,-204,-171,-203]],"type":"Polygon","properties":{"GU_A3":"MOZ","NAME":"Mozambique","CONTINENT":"Africa"}},{"arcs":[[415,416,417]],"type":"Polygon","properties":{"GU_A3":"MAR","NAME":"Morocco","CONTINENT":"Africa"}},{"arcs":[[418,419,420,-417]],"type":"Polygon","properties":{"GU_A3":"SAH","NAME":"W. Sahara","CONTINENT":"Africa"}},{"arcs":[[-240,421,422,423,424,425]],"type":"Polygon","properties":{"GU_A3":"MNE","NAME":"Montenegro","CONTINENT":"Europe"}},{"arcs":[[-273,426]],"type":"Polygon","properties":{"GU_A3":"MNG","NAME":"Mongolia","CONTINENT":"Asia"}},{"arcs":[[-98,-317]],"type":"Polygon","properties":{"GU_A3":"MDA","NAME":"Moldova","CONTINENT":"Europe"}},{"arcs":[[427,428]],"type":"Polygon","properties":{"GU_A3":"MCO","NAME":"Monaco","CONTINENT":"Europe"}},{"arcs":[[-62,429,430,431,432]],"type":"Polygon","properties":{"GU_A3":"MEX","NAME":"Mexico","CONTINENT":"North America"}},{"arcs":[[433]],"type":"Polygon","properties":{"GU_A3":"MUS","NAME":"Mauritius","CONTINENT":"Seven seas (open ocean)"}},{"arcs":[[-253,434,-420,435,436]],"type":"Polygon","properties":{"GU_A3":"MRT","NAME":"Mauritania","CONTINENT":"Africa"}},{"arcs":[[437]],"type":"Polygon","properties":{"GU_A3":"MLT","NAME":"Malta","CONTINENT":"Europe"}},{"arcs":[[-247,-437,438,-386,439,440,441]],"type":"Polygon","properties":{"GU_A3":"MLI","NAME":"Mali","CONTINENT":"Africa"}},{"arcs":[[442]],"type":"Polygon","properties":{"GU_A3":"MDV","NAME":"Maldives","CONTINENT":"Seven seas (open ocean)"}},{"arcs":[[[-140,443]],[[444,445,446,447,448]]],"type":"MultiPolygon","properties":{"GU_A3":"MYS","NAME":"Malaysia","CONTINENT":"Asia"}},{"arcs":[[-9,-150,-414]],"type":"Polygon","properties":{"GU_A3":"MWI","NAME":"Malawi","CONTINENT":"Africa"}},{"arcs":[[451]],"type":"Polygon","properties":{"GU_A3":"MDG","NAME":"Madagascar","CONTINENT":"Africa"}},{"arcs":[[-238,452,453,454,455]],"type":"Polygon","properties":{"GU_A3":"MKD","NAME":"North Macedonia","CONTINENT":"Europe"}},{"arcs":[[456,457,458]],"type":"Polygon","properties":{"GU_A3":"LUX","NAME":"Luxembourg","CONTINENT":"Europe"}},{"arcs":[[-310,459,460,461,-327]],"type":"Polygon","properties":{"GU_A3":"LTU","NAME":"Lithuania","CONTINENT":"Europe"}},{"arcs":[[-162,463]],"type":"Polygon","properties":{"GU_A3":"LIE","NAME":"Liechtenstein","CONTINENT":"Europe"}},{"arcs":[[-124,464,465,-184,466,-388,467]],"type":"Polygon","properties":{"GU_A3":"LBY","NAME":"Libya","CONTINENT":"Africa"}},{"arcs":[[-232,468,469,470]],"type":"Polygon","properties":{"GU_A3":"LBR","NAME":"Liberia","CONTINENT":"Africa"}},{"arcs":[[-208]],"type":"Polygon","properties":{"GU_A3":"LSO","NAME":"Lesotho","CONTINENT":"Africa"}},{"arcs":[[-159,471,472,473]],"type":"Polygon","properties":{"GU_A3":"LBN","NAME":"Lebanon","CONTINENT":"Asia"}},{"arcs":[[-461,474,475,-281,476]],"type":"Polygon","properties":{"GU_A3":"LVA","NAME":"Latvia","CONTINENT":"Europe"}},{"arcs":[[-17,477,-137,478,479]],"type":"Polygon","properties":{"GU_A3":"LAO","NAME":"Laos","CONTINENT":"Asia"}},{"arcs":[[-26,480,481,-151]],"type":"Polygon","properties":{"GU_A3":"KGZ","NAME":"Kyrgyzstan","CONTINENT":"Asia"}},{"arcs":[[-257,482,483]],"type":"Polygon","properties":{"GU_A3":"KWT","NAME":"Kuwait","CONTINENT":"Asia"}},{"arcs":[[-239,-456,484,-422]],"type":"Polygon","properties":{"GU_A3":"KOS","NAME":"Kosovo","CONTINENT":"Europe"}},{"arcs":[[485]],"type":"Polygon","properties":{"GU_A3":"KIR","NAME":"Kiribati","CONTINENT":"Oceania"}},{"arcs":[[-109,-181,486,-209,487,-147]],"type":"Polygon","properties":{"GU_A3":"KEN","NAME":"Kenya","CONTINENT":"Africa"}},{"arcs":[[-30,-113,488,-275,489,-481]],"type":"Polygon","properties":{"GU_A3":"KAZ","NAME":"Kazakhstan","CONTINENT":"Asia"}},{"arcs":[[-156,490,-255,491,492,493,494]],"type":"Polygon","properties":{"GU_A3":"JOR","NAME":"Jordan","CONTINENT":"Asia"}},{"arcs":[[[495]],[[496]],[[497]],[[498]]],"type":"MultiPolygon","properties":{"GU_A3":"JPN","NAME":"Japan","CONTINENT":"Asia"}},{"arcs":[[499]],"type":"Polygon","properties":{"GU_A3":"JAM","NAME":"Jamaica","CONTINENT":"North America"}},{"arcs":[[[-164,500,-228,501,502],[-23],[-263]],[[503]],[[504]]],"type":"MultiPolygon","properties":{"GU_A3":"ITA","NAME":"Italy","CONTINENT":"Europe"}},{"arcs":[[505,-157,-495,506,-493,507,508,509,510,-473]],"type":"Polygon","properties":{"GU_A3":"ISR","NAME":"Israel","CONTINENT":"Asia"}},{"arcs":[[-510,511,512]],"type":"Polygon","properties":{"GU_A3":"GAZ","NAME":"Gaza","CONTINENT":"Asia"}},{"arcs":[[-494,-507]],"type":"Polygon","properties":{"GU_A3":"WEB","NAME":"West Bank","CONTINENT":"Asia"}},{"arcs":[[-85,513]],"type":"Polygon","properties":{"GU_A3":"IRL","NAME":"Ireland","CONTINENT":"Europe"}},{"arcs":[[-118,514,515,-483,-256,-491,-155]],"type":"Polygon","properties":{"GU_A3":"IRQ","NAME":"Iraq","CONTINENT":"Asia"}},{"arcs":[[-111,516,-363,517,-515,-117,518,519,520,521]],"type":"Polygon","properties":{"GU_A3":"IRN","NAME":"Iran","CONTINENT":"Asia"}},{"arcs":[[[-133,522,-136,523]],[[-352,524]],[[-445,525]],[[527]],[[528]],[[529]],[[530]],[[531]],[[532]],[[533]],[[534]],[[535]],[[536]],[[537]],[[538]],[[539]],[[540]],[[541]],[[542]],[[543]],[[544]],[[545]],[[546]],[[547]],[[548]],[[549]],[[550]],[[551]],[[552]],[[553]],[[554]],[[555]],[[556]],[[557]],[[558]],[[559]],[[560]],[[561]],[[562]],[[563]]],"type":"MultiPolygon","properties":{"GU_A3":"IDN","NAME":"Indonesia","CONTINENT":"Asia"}},{"arcs":[[[-361,564,565,-408,566,567,568,569,570,571]],[[572]]],"type":"MultiPolygon","properties":{"GU_A3":"IND","NAME":"India","CONTINENT":"Asia"}},{"arcs":[[573]],"type":"Polygon","properties":{"GU_A3":"ISL","NAME":"Iceland","CONTINENT":"Europe"}},{"arcs":[[-100,-316,-245,574,-230,575,-222]],"type":"Polygon","properties":{"GU_A3":"HUN","NAME":"Hungary","CONTINENT":"Europe"}},{"arcs":[[-393,576,577,578,579]],"type":"Polygon","properties":{"GU_A3":"HND","NAME":"Honduras","CONTINENT":"North America"}},{"arcs":[[580,581]],"type":"Polygon","properties":{"GU_A3":"HTI","NAME":"Haiti","CONTINENT":"North America"}},{"arcs":[[-19,582,-175,583]],"type":"Polygon","properties":{"GU_A3":"GUY","NAME":"Guyana","CONTINENT":"South America"}},{"arcs":[[-249,584,585]],"type":"Polygon","properties":{"GU_A3":"GNB","NAME":"Guinea-Bissau","CONTINENT":"Africa"}},{"arcs":[[-234,586,-585,-248,-442,587,-469]],"type":"Polygon","properties":{"GU_A3":"GIN","NAME":"Guinea","CONTINENT":"Africa"}},{"arcs":[[-432,588,589,-579,590,591]],"type":"Polygon","properties":{"GU_A3":"GTM","NAME":"Guatemala","CONTINENT":"North America"}},{"arcs":[[592]],"type":"Polygon","properties":{"GU_A3":"GRD","NAME":"Grenada","CONTINENT":"North America"}},{"arcs":[[[-122,593,594,-454,595]],[[596]],[[597]],[[598]]],"type":"MultiPolygon","properties":{"GU_A3":"GRC","NAME":"Greece","CONTINENT":"Europe"}},{"arcs":[[-131,599,600,601,602,603]],"type":"Polygon","properties":{"GU_A3":"GHA","NAME":"Ghana","CONTINENT":"Africa"}},{"arcs":[[-166,604,-457,605,-402,606,607,608,-323,609,610]],"type":"Polygon","properties":{"GU_A3":"DEU","NAME":"Germany","CONTINENT":"Europe"}},{"arcs":[[-114,612,-278,613,614]],"type":"Polygon","properties":{"GU_A3":"GEG","NAME":"Georgia","CONTINENT":"Asia"}},{"arcs":[[-251,615]],"type":"Polygon","properties":{"GU_A3":"GMB","NAME":"Gambia","CONTINENT":"Africa"}},{"arcs":[[616,617,618,619]],"type":"Polygon","properties":{"GU_A3":"GAB","NAME":"Gabon","CONTINENT":"Africa"}},{"arcs":[[[-165,-503,620,-429,621,-193,622,-191,623,624,625,626,627,-458,-605]],[[628]]],"type":"MultiPolygon","properties":{"GU_A3":"FXX","NAME":"France","CONTINENT":"Europe"}},{"arcs":[[629]],"type":"Polygon","properties":{"GU_A3":"MYT","NAME":"Mayotte","CONTINENT":"Africa"}},{"arcs":[[630]],"type":"Polygon","properties":{"GU_A3":"REU","NAME":"Réunion","CONTINENT":"Seven seas (open ocean)"}},{"arcs":[[631]],"type":"Polygon","properties":{"GU_A3":"MTQ","NAME":"Martinique","CONTINENT":"North America"}},{"arcs":[[632]],"type":"Polygon","properties":{"GU_A3":"GLP","NAME":"Guadeloupe","CONTINENT":"North America"}},{"arcs":[[-173,633,634]],"type":"Polygon","properties":{"GU_A3":"GUF","NAME":"French Guiana","CONTINENT":"South America"}},{"arcs":[[635]],"type":"Polygon","properties":{"GU_A3":"SPM","NAME":"St. Pierre and Miquelon","CONTINENT":"North America"}},{"arcs":[[636]],"type":"Polygon","properties":{"GU_A3":"WLF","NAME":"Wallis and Futuna Is.","CONTINENT":"Oceania"}},{"arcs":[[637,638]],"type":"Polygon","properties":{"GU_A3":"MAF","NAME":"St-Martin","CONTINENT":"North America"}},{"arcs":[[639]],"type":"Polygon","properties":{"GU_A3":"BLM","NAME":"St-Barthélemy","CONTINENT":"North America"}},{"arcs":[[640]],"type":"Polygon","properties":{"GU_A3":"PYF","NAME":"Fr. Polynesia","CONTINENT":"Oceania"}},{"arcs":[[641]],"type":"Polygon","properties":{"GU_A3":"NCL","NAME":"New Caledonia","CONTINENT":"Oceania"}},{"arcs":[[642]],"type":"Polygon","properties":{"GU_A3":"ATF","NAME":"Fr. S. Antarctic Lands","CONTINENT":"Seven seas (open ocean)"}},{"arcs":[[643]],"type":"Polygon","properties":{"GU_A3":"ALD","NAME":"Åland","CONTINENT":"Europe"}},{"arcs":[[-169,-369,-284,644]],"type":"Polygon","properties":{"GU_A3":"FIN","NAME":"Finland","CONTINENT":"Europe"}},{"arcs":[[[645]],[[646]]],"type":"MultiPolygon","properties":{"GU_A3":"FJI","NAME":"Fiji","CONTINENT":"Oceania"}},{"arcs":[[-180,-188,647,648,-213,-210,-487]],"type":"Polygon","properties":{"GU_A3":"ETH","NAME":"Ethiopia","CONTINENT":"Africa"}},{"arcs":[[[-476,649,-282]],[[650]]],"type":"MultiPolygon","properties":{"GU_A3":"EST","NAME":"Estonia","CONTINENT":"Europe"}},{"arcs":[[-187,651,652,-648]],"type":"Polygon","properties":{"GU_A3":"ERI","NAME":"Eritrea","CONTINENT":"Africa"}},{"arcs":[[[-619,653,654]],[[655]]],"type":"MultiPolygon","properties":{"GU_A3":"GNQ","NAME":"Eq. Guinea","CONTINENT":"Africa"}},{"arcs":[[-578,656,-591]],"type":"Polygon","properties":{"GU_A3":"SLV","NAME":"El Salvador","CONTINENT":"North America"}},{"arcs":[[-185,-466,657,-512,-509,658]],"type":"Polygon","properties":{"GU_A3":"EGY","NAME":"Egypt","CONTINENT":"Africa"}},{"arcs":[[[-345,659,660]],[[661]]],"type":"MultiPolygon","properties":{"GU_A3":"ECU","NAME":"Ecuador","CONTINENT":"South America"}},{"arcs":[[-581,662]],"type":"Polygon","properties":{"GU_A3":"DOM","NAME":"Dominican Rep.","CONTINENT":"North America"}},{"arcs":[[663]],"type":"Polygon","properties":{"GU_A3":"DMA","NAME":"Dominica","CONTINENT":"North America"}},{"arcs":[[-214,-649,-653,664]],"type":"Polygon","properties":{"GU_A3":"DJI","NAME":"Djibouti","CONTINENT":"Africa"}},{"arcs":[[[665]],[[666]],[[667]],[[668]]],"type":"MultiPolygon","properties":{"GU_A3":"GRL","NAME":"Greenland","CONTINENT":"North America"}},{"arcs":[[669]],"type":"Polygon","properties":{"GU_A3":"FRO","NAME":"Faeroe Is.","CONTINENT":"Europe"}},{"arcs":[[[-608,670]],[[671]],[[672]]],"type":"MultiPolygon","properties":{"GU_A3":"DNK","NAME":"Denmark","CONTINENT":"Europe"}},{"arcs":[[-224,673,-610,-322]],"type":"Polygon","properties":{"GU_A3":"CZE","NAME":"Czechia","CONTINENT":"Europe"}},{"arcs":[[674,675]],"type":"Polygon","properties":{"GU_A3":"CYN","NAME":"N. Cyprus","CONTINENT":"Asia"}},{"arcs":[[-675,676]],"type":"Polygon","properties":{"GU_A3":"CYP","NAME":"Cyprus","CONTINENT":"Asia"}},{"arcs":[[[677]],[[678]]],"type":"MultiPolygon","properties":{"GU_A3":"CUB","NAME":"Cuba","CONTINENT":"North America"}},{"arcs":[[[-226,-575,-244,679,680,681,682,683]],[[-425,684,685,686]]],"type":"MultiPolygon","properties":{"GU_A3":"HRV","NAME":"Croatia","CONTINENT":"Europe"}},{"arcs":[[-441,687,-603,688,-470,-588]],"type":"Polygon","properties":{"GU_A3":"CIV","NAME":"Côte d'Ivoire","CONTINENT":"Africa"}},{"arcs":[[-357,690,-391,691]],"type":"Polygon","properties":{"GU_A3":"CRI","NAME":"Costa Rica","CONTINENT":"North America"}},{"arcs":[[-7,692,693,694,695,696,-177,-107,-269,697,-144]],"type":"Polygon","properties":{"GU_A3":"COD","NAME":"Dem. Rep. Congo","CONTINENT":"Africa"}},{"arcs":[[-617,698,699,-696,700,701]],"type":"Polygon","properties":{"GU_A3":"COG","NAME":"Congo","CONTINENT":"Africa"}},{"arcs":[[702]],"type":"Polygon","properties":{"GU_A3":"COM","NAME":"Comoros","CONTINENT":"Africa"}},{"arcs":[[-21,703,-346,-661,704,-355,705]],"type":"Polygon","properties":{"GU_A3":"COL","NAME":"Colombia","CONTINENT":"South America"}},{"arcs":[[[-18,-480,706,-569,707,-567,-409,-566,708,-365,709,-152,-482,-490,-274,-427,-272,-377,710,711,712,713,714]],[[715]]],"type":"MultiPolygon","properties":{"GU_A3":"CHN","NAME":"China","CONTINENT":"Asia"}},{"arcs":[[-714,716]],"type":"Polygon","properties":{"GU_A3":"MAC","NAME":"Macao","CONTINENT":"Asia"}},{"arcs":[[-712,717]],"type":"Polygon","properties":{"GU_A3":"HKG","NAME":"Hong Kong","CONTINENT":"Asia"}},{"arcs":[[[-343,718,719,720]],[[721,722]],[[723]],[[724]],[[725]],[[726]],[[727]],[[728]],[[729]],[[730]],[[731]],[[732]],[[733]]],"type":"MultiPolygon","properties":{"GU_A3":"CHL","NAME":"Chile","CONTINENT":"South America"}},{"arcs":[[-183,734,735,-379,-389,-467]],"type":"Polygon","properties":{"GU_A3":"TCD","NAME":"Chad","CONTINENT":"Africa"}},{"arcs":[[-178,-697,-700,736,-735,-182]],"type":"Polygon","properties":{"GU_A3":"CAF","NAME":"Central African Rep.","CONTINENT":"Africa"}},{"arcs":[[737]],"type":"Polygon","properties":{"GU_A3":"CPV","NAME":"Cabo Verde","CONTINENT":"Africa"}},{"arcs":[[[-47,739,-64,740]],[[-60,741]],[[742]],[[743]],[[744]],[[745]],[[746]],[[747]],[[748]],[[749]],[[750]],[[751]],[[752]],[[753]],[[754]],[[755]],[[756]],[[757]],[[758]],[[759]],[[760]],[[761]],[[762]],[[763]],[[764]],[[765]],[[766]],[[767]],[[768]],[[769]],[[770]],[[771]],[[772]],[[773]],[[774]],[[775]],[[776]],[[777]]],"type":"MultiPolygon","properties":{"GU_A3":"CAN","NAME":"Canada","CONTINENT":"North America"}},{"arcs":[[-380,-736,-737,-699,-620,-655,778]],"type":"Polygon","properties":{"GU_A3":"CMR","NAME":"Cameroon","CONTINENT":"Africa"}},{"arcs":[[-16,779,-138,-478]],"type":"Polygon","properties":{"GU_A3":"KHM","NAME":"Cambodia","CONTINENT":"Asia"}},{"arcs":[[-142,780,781,-570,-707,-479]],"type":"Polygon","properties":{"GU_A3":"MMR","NAME":"Myanmar","CONTINENT":"Asia"}},{"arcs":[[-145,-698,-268]],"type":"Polygon","properties":{"GU_A3":"BDI","NAME":"Burundi","CONTINENT":"Africa"}},{"arcs":[[-132,-604,-688,-440,-385,782]],"type":"Polygon","properties":{"GU_A3":"BFA","NAME":"Burkina Faso","CONTINENT":"Africa"}},{"arcs":[[-123,-596,-453,-237,-315,783]],"type":"Polygon","properties":{"GU_A3":"BGR","NAME":"Bulgaria","CONTINENT":"Europe"}},{"arcs":[[-447,784]],"type":"Polygon","properties":{"GU_A3":"BRN","NAME":"Brunei","CONTINENT":"Asia"}},{"arcs":[[[-20,-584,-174,-635,786,-33,787,-347,788,-341,-704]],[[789]],[[790]],[[791]]],"type":"MultiPolygon","properties":{"GU_A3":"BRA","NAME":"Brazil","CONTINENT":"South America"}},{"arcs":[[-2,-207,-411]],"type":"Polygon","properties":{"GU_A3":"BWA","NAME":"Botswana","CONTINENT":"Africa"}},{"arcs":[[-241,-426,-687,792,-682,793,-680,-243]],"type":"Polygon","properties":{"GU_A3":"BIS","NAME":"Rep. Srpska","CONTINENT":"Europe"}},{"arcs":[[-683,-793,-686,794]],"type":"Polygon","properties":{"GU_A3":"BHF","NAME":"Fed. of Bos. & Herz.","CONTINENT":"Europe"}},{"arcs":[[-342,-789,-349,795,-719]],"type":"Polygon","properties":{"GU_A3":"BOL","NAME":"Bolivia","CONTINENT":"South America"}},{"arcs":[[-568,-708]],"type":"Polygon","properties":{"GU_A3":"BTN","NAME":"Bhutan","CONTINENT":"Asia"}},{"arcs":[[-129,-783,-384,-382,796]],"type":"Polygon","properties":{"GU_A3":"BEN","NAME":"Benin","CONTINENT":"Africa"}},{"arcs":[[-431,797,-589]],"type":"Polygon","properties":{"GU_A3":"BLZ","NAME":"Belize","CONTINENT":"North America"}},{"arcs":[[-400,798,-627,799,-625,800,-403],[801]],"type":"Polygon","properties":{"GU_A3":"BFR","NAME":"Flemish","CONTINENT":"Europe"}},{"arcs":[[-399,-606,-459,-628,-799]],"type":"Polygon","properties":{"GU_A3":"BWR","NAME":"Walloon","CONTINENT":"Europe"}},{"arcs":[[-802]],"type":"Polygon","properties":{"GU_A3":"BCR","NAME":"Brussels","CONTINENT":"Europe"}},{"arcs":[[-103,-328,-462,-477,-280]],"type":"Polygon","properties":{"GU_A3":"BLR","NAME":"Belarus","CONTINENT":"Europe"}},{"arcs":[[802]],"type":"Polygon","properties":{"GU_A3":"BRB","NAME":"Barbados","CONTINENT":"North America"}},{"arcs":[[-571,-782,803]],"type":"Polygon","properties":{"GU_A3":"BGD","NAME":"Bangladesh","CONTINENT":"Asia"}},{"arcs":[[804]],"type":"Polygon","properties":{"GU_A3":"BHR","NAME":"Bahrain","CONTINENT":"Asia"}},{"arcs":[[[805]],[[806]]],"type":"MultiPolygon","properties":{"GU_A3":"BHS","NAME":"Bahamas","CONTINENT":"North America"}},{"arcs":[[[-116,807,-519]],[[-521,808,-614,-277,809]]],"type":"MultiPolygon","properties":{"GU_A3":"AZE","NAME":"Azerbaijan","CONTINENT":"Asia"}},{"arcs":[[-161,-611,-674,-223,-576,-229,-501,-163,-464]],"type":"Polygon","properties":{"GU_A3":"AUT","NAME":"Austria","CONTINENT":"Europe"}},{"arcs":[[[810]],[[811]],[[812]],[[813]],[[814]],[[815]]],"type":"MultiPolygon","properties":{"GU_A3":"AUS","NAME":"Australia","CONTINENT":"Oceania"}},{"arcs":[[816]],"type":"Polygon","properties":{"GU_A3":"CXR","NAME":"Christmas I.","CONTINENT":"Asia"}},{"arcs":[[817]],"type":"Polygon","properties":{"GU_A3":"CCK","NAME":"Cocos Is.","CONTINENT":"Asia"}},{"arcs":[[818]],"type":"Polygon","properties":{"GU_A3":"HMD","NAME":"Heard I. and McDonald Is.","CONTINENT":"Seven seas (open ocean)"}},{"arcs":[[819]],"type":"Polygon","properties":{"GU_A3":"NFK","NAME":"Norfolk Island","CONTINENT":"Oceania"}},{"arcs":[[820]],"type":"Polygon","properties":{"GU_A3":"ATC","NAME":"Ashmore and Cartier Is.","CONTINENT":"Oceania"}},{"arcs":[[-115,-615,-809,-520,-808]],"type":"Polygon","properties":{"GU_A3":"ARM","NAME":"Armenia","CONTINENT":"Asia"}},{"arcs":[[[-32,821,-720,-796,-348,-788]],[[-722,822]]],"type":"MultiPolygon","properties":{"GU_A3":"ARG","NAME":"Argentina","CONTINENT":"South America"}},{"arcs":[[823]],"type":"Polygon","properties":{"GU_A3":"ACA","NAME":"Antigua","CONTINENT":"North America"}},{"arcs":[[824]],"type":"Polygon","properties":{"GU_A3":"ACB","NAME":"Barbuda","CONTINENT":"North America"}},{"arcs":[[[-6,-413,825,-693]],[[-695,826,-701]]],"type":"MultiPolygon","properties":{"GU_A3":"AGO","NAME":"Angola","CONTINENT":"Africa"}},{"arcs":[[-192,-623]],"type":"Polygon","properties":{"GU_A3":"AND","NAME":"Andorra","CONTINENT":"Europe"}},{"arcs":[[-125,-468,-387,-439,-436,-419,-416,827]],"type":"Polygon","properties":{"GU_A3":"DZA","NAME":"Algeria","CONTINENT":"Africa"}},{"arcs":[[-423,-485,-455,-595,828]],"type":"Polygon","properties":{"GU_A3":"ALB","NAME":"Albania","CONTINENT":"Europe"}},{"arcs":[[-28,-153,-710,-364,-517,-110]],"type":"Polygon","properties":{"GU_A3":"AFG","NAME":"Afghanistan","CONTINENT":"Asia"}},{"arcs":[[-360,-709,-565]],"type":"Polygon","properties":{"GU_A3":"KAS","NAME":"Siachen Glacier","CONTINENT":"Asia"}},{"arcs":[[[829]],[[830]],[[831]],[[832]],[[833]],[[834]],[[835]],[[836]],[[837]],[[838]],[[839]],[[840]],[[841]],[[842]],[[843]],[[844]]],"type":"MultiPolygon","properties":{"GU_A3":"ATA","NAME":"Antarctica","CONTINENT":"Antarctica"}},{"arcs":[[-638,845]],"type":"Polygon","properties":{"GU_A3":"SXM","NAME":"Sint Maarten","CONTINENT":"North America"}},{"arcs":[[846]],"type":"Polygon","properties":{"GU_A3":"TUV","NAME":"Tuvalu","CONTINENT":"Oceania"}}]}}}